Facility,Sample Collection Date,Sample Field ID,Sample Laboratory ID #,Lab Name ,Sample    % Solids,Sample PFAS Conc. Units    (ng/g dry wt),PFBS    ,MRL, MDL,Qualifiers,PFBA,MRL,MDL,Qualifiers,PFDS,MRL,MDL,Qualifiers,PFDA,MRL,MDL,Qualifiers,PFDoA,MRL,MDL,Qualifiers,PFHpA,MRL,MDL,Qualifiers,PFHxS,MRL,MDL,Qualifiers,PFHxA,MRL,MDL,Qualifiers,PFNA,MRL,MDL,Qualifiers,PFTrDA,MRL,MDL,Qualifiers,PFOSA,MRL,MDL,Qualifiers,PFOA,MRL,MDL,Qualifiers,PFOS,MRL,MDL,Qualifiers,PFPeA,MRL,MDL,Qualifiers,PFTeDA,MRL,MDL,Qualifiers,PFUnA,MRL,MDL,Qualifiers,4:2FTS,MRL,MDL,Qualifiers,PFPeS,MRL,MDL,Qualifiers,6:2FTS,MRL,MDL,Qualifiers,8:2FTS,MRL,MDL,Qualifiers,PFNS,MRL,MDL,Qualifiers,NMeFOSAA,MRL,MDL,Qualifiers,NEtFOSAA,MRL,MDL,Qualifiers,PFTA,MRL,MDL,Qualifiers,PFHpS,MRL,MDL,Qualifiers,,,,,,,,,,,,,,,,,
Amesbury WTP,9/9/2020, , ,Alpha Analytical,19%,ng/g,<MRL,2.6, , ,<MRL,2.6, , ,<MRL,2.6, , ,<MRL,2.6, , ,<MRL,2.6, , ,<MRL,2.6, , ,<MRL,2.6, , ,<MRL, 2.60, , ,<MRL,2.6, , ,<MRL,2.6, , ,Not Reported, , , ,<MRL,2.6, , ,41,,,F,<MRL,2.6,,,Not Reported,,,,<MRL,2.6,,,Not Reported,,,,<MRL,2.6,,,Not Reported,,,,Not Reported,,,,<MRL,2.6,,,Not Reported,,,,Not Reported,,,,Not Reported,,,,Not Reported,,,,,,,,,,,,,,,,,,,,
Amesbury WTP,12/2/2020,A49324,L2053716-01,Alpha Analytical,18%,ng/g,ND,2.6,,,ND,2.6,,,ND,2.6,,,3.8,0.65,,,ND,2.6,,,ND,0.65,,,ND,0.65,,,ND,2.6,,,7.53,0.65,,,ND,2.6,,,Not Reported,,,,4.81,0.65,,,59.9,0.65,,,ND,2.6,,,,,,,ND,2.6,,,ND,2.6,,,,,,,Not Reported,,,,ND,2.6,,,,,,,Not Reported,,,,Not Reported,,,,Not Reported,,,,Not Reported,,,,,,,,,,,,,,,,,,,,
Amesbury WTP,12/2/2020,A49325,L2053716-02,Alpha Analytical,17.8%,ng/g,ND,2.65,,,ND,2.65,,,ND,2.65,,,4.29,0.663,,,ND,2.65,,,ND,0.663,,,ND,0.663,,,ND,2.65,,,8.44,0.663,,,ND,2.65,,,Not Reported,,,,5.43,0.663,,,68.8,0.663,,,ND,2.65,,,,,,,ND,2.65,,,ND,2.65,,,,,,,Not Reported,,,,ND,2.65,,,,,,,Not Reported,,,,Not Reported,,,,Not Reported,,,,Not Reported,,,,,,,,,,,,,,,,,,,,
Amesbury WTP,3/3/2021,Primary,,Alpha Analytical,17.0%,ng/g,ND,0.701,,,ND,1.4,,,ND,1.4,,,1.54,0.701,,,ND,1.4,,,ND,0.701,,,ND,0.701,,,ND,1.4,,,2.45,0.701,,,ND,1.4,,,Not Reported,,,,1.83,0.701,,,42.4,0.701,,,ND,1.4,,,Not Reported,,,,ND,1.4,,,Not Reported,,,,ND,2.8,,,Not Reported,,,,Not Reported,,,,ND,2.8,,,Not Reported,,,,Not Reported,,,,Not Reported,,,,Not Reported,,,,,,,,,,,,,,,,,,,,
Amesbury WTP,3/3/2021,Duplicate,,Alpha Analytical,17.0%,ng/g,ND,0.709,,,ND,1.42,,,ND,1.42,,,1.55,0.709,,,ND,1.42,,,ND,0.709,,,ND,0.709,,,ND,1.42,,,2.4,0.709,,,ND,1.42,,,Not Reported,,,,2.06,0.709,,,43.5,0.709,,,ND,1.42,,,Not Reported,,,,ND,1.42,,,Not Reported,,,,ND,2.84,,,Not Reported,,,,Not Reported,,,,ND,2.84,,,Not Reported,,,,Not Reported,,,,Not Reported,,,,Not Reported,,,,,,,,,,,,,,,,,,,,
Amesbury WTP,6/16/2021,A53246,L2133040-01,AAL,20.4,ng/g,ND,0.579,,,ND,1.16,,,ND,1.16,,,1.88,0.579,,,ND,1.16,,,ND,0.579,,,ND,0.579,,,ND,1.16,,,1.79,0.579,,,ND,1.16,,,Not Reported,,,,0.74,0.579,,,40.8,0.579,,,ND,1.16,,,,,,,ND,1.16,,,Not Reported,,,,ND,2.32,,,Not Reported,,,,Not Reported,,,,ND,2.32,,,Not Reported,,,,Not Reported,,,,Not Reported,,,,Not Reported,,,,,,,,,,,,,,,,,,,,
Amesbury WTP,6/16/2021,A53247,L2133040-02,AAL,19.6,ng/g,ND,0.611,,,ND,1.22,,,ND,1.22,,,2.01,0.611,,,ND,1.22,,,ND,0.611,,,ND,0.611,,,ND,1.22,,,1.89,0.611,,,ND,1.22,,,Not Reported,,,,0.782,0.611,,,43.8,0.611,,,ND,1.22,,,,,,,ND,1.22,,,Not Reported,,,,ND,2.44,,,Not Reported,,,,Not Reported,,,,ND,2.44,,,Not Reported,,,,Not Reported,,,,Not Reported,,,,Not Reported,,,,,,,,,,,,,,,,,,,,
Barnhardt,6/2/2020,,,Alpha,,ng/g,ND,3.09,,,ND,3.09,,,NT,,, ,ND,3.09,,,NT,,, ,ND,3.09,,,ND,3.09,,,0.187,3.09,,J,ND,3.09,,,NT,,, ,Not Reported,,,,ND,3.09,,,ND,3.09,,,ND,3.09,,,,,,,NT,,, ,Not Reported,,,,NT,,, ,Not Reported,,,,Not Reported,,,,NT,,, ,Not Reported,,,,Not Reported,,,,Not Reported,,,,Not Reported,,,,,,,,,,,,,,,,,,,,
Barnhardt,6/2/2020,,,Alpha,,ng/g,ND,3.2,,,ND,3.2,,,NT,,,,ND,3.2,,,NT,,,,ND,3.2,,,ND,3.2,,,ND,3.2,,,ND,3.2,,,NT,,,,Not Reported,,,,ND,3.2,,,ND,3.2,,,ND,3.2,,,,,,,NT,,,,Not Reported,,,,NT,,,,Not Reported,,,,Not Reported,,,,NT,,,,Not Reported,,,,Not Reported,,,,Not Reported,,,,Not Reported,,,,,,,,,,,,,,,,,,,,
Barnhardt,9/3/2020,,,Alpha,15%,ng/g,ND,3.29,,,ND,3.29,,,ND,3.29,,,ND,3.29,,,ND,3.29,,,ND,3.29,,,ND,3.29,,,ND,3.29,,,ND,3.29,,,ND,3.29,,,Not Reported,,,,ND,3.29,,,ND,3.29,,,ND,3.29,,,,,,,ND,3.29,,,Not Reported,,,,ND,3.29,,,Not Reported,,,,Not Reported,,,,ND,3.29,,,Not Reported,,,,Not Reported,,,,Not Reported,,,,Not Reported,,,,,,,,,,,,,,,,,,,,
Barnhardt,9/3/2020,,,Alpha,15%,ng/g,ND,3.35,,,ND,3.35,,,ND,3.35,,,ND,3.35,,,ND,3.35,,,ND,3.35,,,ND,3.35,,,ND,3.35,,,ND,3.35,,,ND,3.35,,,Not Reported,,,,ND,3.35,,,ND,3.35,,,ND,3.35,,,,,,,ND,3.35,,,Not Reported,,,,ND,3.35,,,Not Reported,,,,Not Reported,,,,ND,3.35,,,Not Reported,,,,Not Reported,,,,Not Reported,,,,Not Reported,,,,,,,,,,,,,,,,,,,,
Barnhardt,10/14/2020,,,Alpha,10%,ng/g,ND,4.6,,,ND,4.6,,,ND,4.6,,,ND,1.15,,,ND,4.6,,,ND,1.15,,,ND,1.15,,,ND,4.6,,,ND,1.15,,,ND,4.6,,,Not Reported,,,,ND,1.15,,,ND,1.15,,,ND,4.6,,,,,,,ND,4.6,,,Not Reported,,,,ND,4.6,,,Not Reported,,,,Not Reported,,,,ND,4.6,,,Not Reported,,,,Not Reported,,,,Not Reported,,,,Not Reported,,,,,,,,,,,,,,,,,,,,
Barnhardt,10/14/2020,,,Alpha,10%,ng/g,ND,4.64,,,ND,4.64,,,ND,4.64,,,ND,1.16,,,ND,4.64,,,ND,1.16,,,ND,1.16,,,ND,4.64,,,ND,1.16,,,ND,4.64,,,Not Reported,,,,ND,1.16,,,ND,1.16,,,ND,4.64,,,,,,,ND,4.64,,,Not Reported,,,,ND,4.64,,,Not Reported,,,,Not Reported,,,,ND,4.64,,,Not Reported,,,,Not Reported,,,,Not Reported,,,,Not Reported,,,,,,,,,,,,,,,,,,,,
Barnhardt,3/23/2021,Primary,,Alpha Analytical,15%,ng/g,ND,0.815,,,ND,1.63,,,ND,1.63,,,ND,0.815,,,ND,1.63,,,ND,0.815,,,ND,0.815,,,ND,1.63,,,ND,0.815,,,ND,1.63,,,Not Reported,,,,ND,0.815,,,ND,0.815,,,ND,1.63,,,Not Reported,,,,ND,1.63,,,Not Reported,,,,ND,3.26,,,Not Reported,,,,Not Reported,,,,5.61,3.26,,F,Not Reported,,,,Not Reported,,,,Not Reported,,,,Not Reported,,,,,,,,,,,,,,,,,,,,
Barnhardt,3/23/2021,Duplicate,,Alpha Analytical,15%,ng/g,ND,0.81,,,ND,1.62,,,ND,1.62,,,ND,0.81,,,ND,1.62,,,ND,0.81,,,ND,0.81,,,ND,1.62,,,ND,0.81,,,ND,1.62,,,Not Reported,,,,ND,0.81,,,ND,0.81,,,ND,1.62,,,Not Reported,,,,ND,1.62,,,Not Reported,,,,ND,3.24,,,Not Reported,,,,Not Reported,,,,7.09,3.24,,F,Not Reported,,,,Not Reported,,,,Not Reported,,,,Not Reported,,,,,,,,,,,,,,,,,,,,
Barnhardt,6/8/2021,Primary,L2131063,Alpha Analytical,11%,ng/g,ND,1.06,,,3.56,2.12,,,ND,2.12,,,10.8,1.06,,,2.86,2.12,,,ND,1.06,,,ND,1.06,,,5.01,2.12,,,1.18,1.06,,,ND,2.12,,,Not Reported,,,,2.42,1.06,,,5.52,1.06,,F,3.59,2.12,,,,,,,ND,2.12,,,Not Reported,,,,ND,4.24,,,Not Reported,,,,Not Reported,,,,ND,4.24,,,Not Reported,,,,Not Reported,,,,Not Reported,,,,Not Reported,,,,,,,,,,,,,,,,,,,,
Barnhardt,6/8/2021,Duplicate,L2131063,Alpha Analytical,11%,ng/g,ND,1.07,,,ND,2.15,,,ND,2.15,,,ND,1.07,,,ND,2.15,,,ND,1.07,,,ND,1.07,,,ND,1.07,,,ND,1.07,,,ND,2.15,,,Not Reported,,,,ND,1.07,,,ND,1.07,,,ND,2.15,,,,,,,ND,2.15,,,Not Reported,,,,ND,4.29,,,Not Reported,,,,Not Reported,,,,ND,4.29,,,Not Reported,,,,Not Reported,,,,Not Reported,,,,Not Reported,,,,,,,,,,,,,,,,,,,,
Braintree Water and Sewer,10/29/2020,,,Eurofins,0.9%,,ND,20.00,2.50,,8.50,20.00,2.90,J B,ND,20.00,4.00,F1,ND,20.00,2.20,,ND,20.00,6.80,,ND,20.00,3.00,,ND,20,3.2,,ND,20,4.3,,ND,20,3.7,,Not Reported,,,,Not Reported,,,,ND,20,8.8,,ND,51,20,*,ND,20,7.9,,Not Reported,,,,ND,20,3.7,,Not Reported,,,,ND,20,2,,Not Reported,,,,Not Reported,,,,ND,20,2,,Not Reported,,,,Not Reported,,,,Not Reported,,,,Not Reported,,,,,,,,,,,,,,,,,,,,
Braintree Water and Sewer,10/29/2020,,,Eurofins,1.2%,,ND,15.00,1.90,,ND,15.00,2.10,,ND,1.50,2.90,,<MRL,15.00,1.70,J,ND,15.00,5.10,,ND,15.00,2.20,,ND,15,2.3,,ND,15,3.2,,ND,15,2.7,,Not Reported,,,,Not Reported,,,,ND,15,6.5,,ND,38,15,,ND,15,5.8,,Not Reported,,,,ND,15,2.7,,Not Reported,,,,ND,15,1.5,,Not Reported,,,,Not Reported,,,,<MRL,15,1.5,J,Not Reported,,,,Not Reported,,,,Not Reported,,,,Not Reported,,,,,,,,,,,,,,,,,,,,
Braintree Water and Sewer,3/3/2021,,,Eurofins,1%,,<MRL,24,3,J,ND,24,3.4,,ND,24,4.7,,ND,24,2.6,,ND,24,8.1,,<MRL,24,3.5,J,<MRL,24,3.7,J,<MRL,24,5.1,J,ND,24,4.3,,Not Reported,,,,Not Reported,,,,<MRL,24,10,J,<MRL,60,24,J,ND,24,9.3,,Not Reported,,,,ND,24,4.3,*+,Not Reported,,,,ND,24,2.4,,Not reported,,,,Not Reported,,,,ND,24,2.4,,Not Reported,,,,Not Reported,,,,Not Reported,,,,Not Reported,,,,,,,,,,,,,,,,,,,,
Braintree Water and Sewer,3/3/2021,,,Eurofins,1%,,ND,17,2.2,,ND,17,2.4,,ND,17,3.4,,ND,17,1.9,,ND,17,5.8,,ND,17,2.5,,<MRL,17,2.7,J,<MRL,17,3.6,J I,ND,17,3.1,,Not Reported,,,,Not Reported,,,,<MRL,17,3.1,J,<MRL,43,17,J,ND,17,6.6,,Not Reported,,,,ND,17,3.1,*+,Not Reported,,,,ND,17,1.7,,Not Reported,,,,Not Reported,,,,ND,17,1.7,,Not Reported,,,,Not Reported,,,,Not Reported,,,,Not Reported,,,,,,,,,,,,,,,,,,,,
Braintree Water and Sewer,3/3/2021,PFAS BIOSOLIDS NorthLagoon,320-70901-1,"Eurofins TestAmerica, Sacramento",0.80%, ,5.2,24,3,J,ND,24,3.4, ,ND,24,4.7, ,ND,24,2.6, ,ND,24,8.1, ,5.7,24,3.5,J,9.1,24,3.7,J,7.9,24,5.1,J,ND,24,4.3, ,ND,24,6.1, ,Not Reported, , , ,16,24,10,J,50,60,24,J,ND,24,9.3, ,Not Reported, , , ,ND,24,4.3,*+,Not Reported, , , ,ND,24,2.4, ,Not Reported, , , ,Not Reported, , , ,ND,24,2.4, ,Not Reported, , , ,Not Reported, , , ,Not Reported, , , ,Not Reported, , , ,,,,,,,,,,,,,,,,,
Braintree Water and Sewer,3/3/2021,PFAS BIOSOLIDS NorthLagoon,320-70901-2,"Eurofins TestAmerica, Sacramento",1.10%, ,ND,17,2.2, ,ND,17,2.4, ,ND,17,3.4, ,ND,17,1.9, ,ND,17,5.8, ,ND,17,2.5, ,4.7,17,2.7,J,4,17,3.6,J I,ND,17,3.1, ,ND,17,4.4, ,Not Reported, , , ,7.5,17,7.4,J,26,43,17,J,ND,17,6.6, ,Not Reported, , , ,ND,17,3.1,*+,Not Reported, , , ,ND,17,1.7, ,Not Reported, , , ,Not Reported, , , ,ND,17,1.7, ,Not Reported, , , ,Not Reported, , , ,Not Reported, , , ,Not Reported, , , ,,,,,,,,,,,,,,,,,
Bridgewater Sewer,12/3/2020,(PFAS) Compost Type 1 Biosolids,320-67635-1,"Eurofins TestAmerica, Sacramento", , ,1.2,3.6,0.45,J I,0.59,3.6,0.5,J,0.76,3.6,0.7,J,1.2,3.6,0.39,J,ND,3.6,1.2, ,ND,3.6,0.52, ,ND,3.6,0.56, ,8,3.6,0.75,I,ND,3.6,0.65, ,ND,3.6,0.91, ,Not Reported, , , ,2.7,3.6,1.5,J,ND,9,3.6, ,ND,3.6,1.4, , , , , ,ND,3.6,0.65, ,Not Reported, , , ,ND,3.6,0.36, ,Not Reported, , , ,Not Reported, , , ,ND,3.6,0.36, ,Not Reported, , , ,Not Reported, , , ,Not Reported, , , ,Not Reported, , , ,,,,,,,,,,,,,,,,,
Bridgewater Sewer,12/3/2020,(PFAS) Compost Type 1 Biosolids DUP,320-67635-2,"Eurofins TestAmerica, Sacramento", , ,0.94,3.5,0.44,J I,0.66,3.5,0.49,J F1,0.7,3.5,0.68,J,1.6,3.5,0.39,J,ND,3.5,1.2,F1,ND,3.5,0.51, ,ND,3.5,0.54, ,8.8,3.5,0.74, ,0.67,3.5,0.63,J,ND,3.5,0.89,F1,Not Reported, , , ,3,3.5,1.5,J,ND,8.8,3.5, ,ND,3.5,1.4,F1, , , , ,0.68,3.5,0.63,J I F1,Not Reported, , , ,ND,3.5,0.35,F1,Not Reported, , , ,Not Reported, , , ,ND,3.5,0.35, ,Not Reported, , , ,Not Reported, , , ,Not Reported, , , ,Not Reported, , , ,,,,,,,,,,,,,,,,,
Bridgewater Sewer,1/27/2021,Primary,,"Eurofins TestAmerica, Sacramento",31.70%,ng/g,<MRL,5.9,0.74,J,<MRL,5.9,0.83,J B F1,ND,5.9,1.2,,<MRL,5.9,0.65,J,ND,5.9,2,,ND,5.9,0.86,F1,ND,5.9,0.92,,16,5.9,1.2,F1,ND,5.9,1.1,,Not Reported,,,,Not Reported,,,,5.9,5.9,2.6,,ND,15,5.9,,ND,5.9,2.3,F1,Not Reported,,,,ND,5.9,1.1,F1,Not Reported,,,,ND,5.9,0.59,,Not Reported,,,,Not Reported,,,,ND,5.9,0.59,F1,Not Reported,,,,Not Reported,,,,Not Reported,,,,Not Reported,,,,,,,,,,,,,,,,,,,,
Bridgewater Sewer,1/27/2021,Duplicate,,"Eurofins TestAmerica, Sacramento",29%,ng/g,<MRL,6.4,0.8,J,<MRL,6.4,0.9,J B,ND,6.4,1.2,,<MRL,6.4,0.7,J,ND,6.4,2.1,,<MRL,6.4,0.93,J,ND,6.4,0.99,,17,6.4,1.3,,ND,6.4,1.2,,Not Reported,,,,Not Reported,,,,<MRL,6.4,2.8,J,ND,16,6.4,,ND,6.4,2.5,,Not Reported,,,,ND,6.4,1.2,,Not Reported,,,,ND,6.4,0.64,,Not Reported,,,,Not Reported,,,,ND,6.4,0.64,,Not Reported,,,,Not Reported,,,,Not Reported,,,,Not Reported,,,,,,,,,,,,,,,,,,,,
Bridgewater Sewer,4/28/2021,Type1 Biosolids-Compost,320-73050-1,"Eurofins TestAmerica, Sacramento",47%,ng/g,0.49,0.4,0.051,I,0.53,0.4,0.057,,0.6,0.4,0.079,,3,0.4,0.044,,1.2,0.4,0.14,,0.6,0.4,0.059,,<MRL,0.4,0.063,J,7.3,0.4,0.085,,0.67,0.4,0.073,,ND,0.4,0.1,,Not Reported,,,,5.1,0.4,0.17,,4.8,1,0.4,,0.85,0.4,0.16,,,,,,0.61,0.4,0.073,,Not Reported,,,,ND,0.4,0.04,,Not Reported,,,,Not Reported,,,,ND,0.4,0.04,,Not Reported,,,,Not Reported,,,,Not Reported,,,,Not Reported,,,,,,,,,,,,,,,,,,,,
Bridgewater Sewer,4/28/2021,Type1 Biosolids-Compost Duplicate,320-73050-2,"Eurofins TestAmerica, Sacramento",47%,ng/g,1.6,0.49,0.061,I F1,0.56,0.49,0.068,,0.56,0.49,0.095,,3.4,0.49,0.053,,1.2,0.49,0.16,,0.48,0.49,0.07,J,<MRL,0.49,0.075,J,6.3,0.49,0.1,,0.71,0.49,0.087,,ND,0.49,0.12,F1,Not Reported,,,,5.1,0.49,0.21,,5.1,1.2,0.49,,0.5,0.49,0.19,,,,,,0.58,0.49,0.087,I,Not Reported,,,,ND,0.49,0.049,,Not Reported,,,,Not Reported,,,,ND,0.49,0.049,,Not Reported,,,,Not Reported,,,,Not Reported,,,,Not Reported,,,,,,,,,,,,,,,,,,,,
"Bristol RI, WPCF",10/14/2020,,,ESS Laboratory,67%,,0.61,,,J,0.59,,,J,<MRL,0.54,,U,1.70,,,J,0.90,,,J,0.65,,,J,1.30,,,J ,5,,,,<MRL,0.54,,U,<MRL,0.44,,U,Not Reported,,,,2.5,,,,2.1,,,,0.64,,,J,Not Reported,,,,0.62,,,J,Not Reported,,,,1,,,J,Not Reported,,,,Not Reported,,,,<MRL,0.48,,U,Not Reported,,,,Not Reported,,,,Not Reported,,,,Not Reported,,,,,,,,,,,,,,,,,,,,
"Bristol RI, WPCF",2/10/2021,,,ESS Laboratory,65%,,<MRL,2,0.34,J,<MRL,2,0.48,J,<MRL,2,0.54,U,<MRL,2,0.48,J,<MRL,2,0.38,J,<MRL,2,0.34,J,<MRL,2,0.6,U,6.2,2,0.32,,<MRL,2,0.54,U,<MRL,2,0.44,U,Not Reported,,,,3.6,2,0.4,,<MRL,2,0.54,U,<MRL,2,0.46,J,Not Reported,,,,<MRL,2,0.5,U,Not Reported,,,,<MRL,2,0.52,U,Not Reported,,,,Not Reported,,,,<MRL,2,0.48,U,Not Reported,,,,Not Reported,,,,Not Reported,,,,Not Reported,,,,,,,,,,,,,,,,,,,,
Cascades Paper Mill,12/11/2020,Primary,,Eurofins,32%,,ND,6.10,0.77,,ND,6.10,0.86,,ND,6.10,1.20,,ND,6.10,0.68,,ND,6.10,2.10,,ND,6.10,0.89,,ND,6.1,0.95,,ND,6.1,1.3,,ND,6.1,1.1,,Not Reported,,,,Not Reported,,,,ND,6.1,2.6,,ND,15,6.1,,ND,6.1,2.4,,Not Reported,,,,ND,6.1,1.1,F1,Not Reported,,,,ND,6.1,0.61,F1 *+,Not Reported,,,,Not Reported,,,,ND,6.1,0.61,,Not Reported,,,,Not Reported,,,,Not Reported,,,,Not Reported,,,,,,,,,,,,,,,,,,,,
Cascades Paper Mill,12/11/2020,Duplicate,,Eurofins,37%,,ND,5.20,0.65,,<MRL,5.20,0.73,J B,ND,5.20,1.00,,ND,5.20,0.57,,ND,5.20,1.70,,ND,5.20,0.76,,ND,5.2,0.81,,ND,5.2,1.1,,ND,5.2,0.94,,Not Reported,,,,Not Reported,,,,ND,5.2,2.2,,ND,13,5.2,,ND,5.2,2,,Not Reported,,,,ND,5.2,0.94,,Not Reported,,,,MD,5.2,0.52,*+,Not Reported,,,,Not Reported,,,,ND,5.2,0.52,,Not Reported,,,,Not Reported,,,,Not Reported,,,,Not Reported,,,,,,,,,,,,,,,,,,,,
Cascades Paper Mill,3/1/2021,Primary,,"Eurofins TestAmerica, Sacramento",36%,,ND,5.30,0.67,,ND,5.30,0.75,,ND,5.30,1.00,,ND,5.30,0.59,,ND,5.30,1.80,,ND,5.30,0.78,,ND,5.3,0.83,,ND,5.3,1.1,,ND,5.3,0.96,,Not Reported,,,,Not Reported,,,,ND,5.3,2.3,,ND,13,5.3,,ND,5.3,2.1,,Not Reported,,,,ND,5.3,0.96,,Not Reported,,,,ND,5.3,0.53,,Not Reported,,,,Not Reported,,,,ND,5.3,0.53,,Not Reported,,,,Not Reported,,,,Not Reported,,,,Not Reported,,,,,,,,,,,,,,,,,,,,
Cascades Paper Mill,3/1/2021,Duplicate,,"Eurofins TestAmerica, Sacramento",34%,,ND,5.70,0.71,,ND,5.70,0.79,,ND,5.70,1.10,,ND,5.70,0.62,,ND,5.70,1.90,,ND,5.70,0.82,,ND,5.7,0.88,,ND,5.7,1.2,,ND,5.7,1,,Not Reported,,,,Not Reported,,,,ND,5.7,2.4,,ND,14,5.7,,ND,5.7,2.2,,Not Reported,,,,ND,5.7,1,,Not Reported,,,,ND,5.7,0.57,,Not Reported,,,,Not Reported,,,,ND,5.7,0.57,,Not Reported,,,,Not Reported,,,,Not Reported,,,,Not Reported,,,,,,,,,,,,,,,,,,,,
"Concord, NH WWTF",3/11/2020,,,Alpha Analytical,45%,,<MRL,1.04,,,<MRL,1.04,,,<MRL,1.04,,,<MRL,1.04,,,<MRL,1.04,,,<MRL,1.04,,,<MRL,1.04,,,1.55,,,,<MRL,1.04,,,<MRL,1.04,,,Not Reported,,,,<MRL,1.04,,,6.56,,,,<MRL,1.04,,,Not Reported,,,,<MRL,1.04,,,<MRL,1.04,,,<MRL,1.04,,,5.09,,,,<MRL,1.04,,,<MRL,1.04,,,2.35,,,,1.42,,,,<MRL,1.04,,,Not Reported,,,,,,,,,,,,,,,,,,,,
"Concord, NH WWTF",9/2/2020, , ,Alpha Analytical,30%, ,<MRL,11.2, , ,<MRL,11.2, , ,<MRL,11.2, , ,<MRL,11.2, , ,<MRL,11.2, , ,<MRL,11.2, , ,<MRL,11.2, , ,<MRL,11.2, , ,<MRL,11.2, , ,<MRL,11.2, , ,Not Reported, , , ,<MRL,11.2, , ,<MRL,11.2,,,<MRL,11.2,,,Not Reported,,,,<MRL,11.2,,,Not Reported,,,,<MRL,11.2,,,Not Reported,,,,Not Reported,,,,<MRL,11.2,,,Not Reported,,,,Not Reported,,,,Not Reported,,,,Not Reported,,,,,,,,,,,,,,,,,,,,
"Concord, NH WWTF",3/1/2021,Dewatered sludge cake,,Alpha Analytical,23%,,ND,0.512,,,ND,1.02,,,13.5,1.02,,F,0.701,0.512,,,ND,1.02,,,ND,0.512,,,1.71,0.512,,,ND,1.02,,,ND,0.512,,,ND,1.02,,,Not Reported,,,,0.895,0.512,,,14,0.512,,,ND,1.02,,,Not Reported,,,,ND,1.02,,,Not Reported,,,,ND,2.05,,,Not Reported,,,,Not Reported,,,,ND,2.05,,,Not Reported,,,,Not Reported,,,,Not Reported,,,,Not Reported,,,,,,,,,,,,,,,,,,,,
"Concord, NH WWTF",3/19/2021,,,Alpha Analytical,23%,,ND,0.528,,,ND,1.06,,,1.84,1.06,,F,0.662,0.528,,,ND,1.06,,,ND,0.528,,,ND,0.528,,,ND,1.06,,,ND,0.528,,,ND,1.06,,,Not Reported,,,,0.763,0.528,,,3.11,0.528,,F,ND,1.06,,,Not Reported,,,,ND,1.06,,,ND,2.11,,,ND,2.11,,,ND,1.06,,,ND,1.06,,,ND,2.11,,,2.93,1.06,,F,2.56,1.06,,F,ND,1.06,,,ND,1.06,,,,,,,,,,,,,,,,,,,
"Concord, NH WWTF",6/1/2021,,L2129018,Alpha Analytical,,,ND,,,,ND,,,,ND,,,,0.902,,,,ND,,,,ND,,,,ND,,,,ND,,,,ND,,,,ND,,,,Not Tested,,,,1.45,,,F,2.88,,,,ND,,,,,,,,ND,,,,ND,,,,ND,,,,Not Tested,,,,Not Tested,,,,ND,,,,Not Tested,,,,Not Tested,,,,Not Tested,,,,Not Reported,,,,,,,,,,,,,,,,,,,,
Dartmouth WWTF,10/27/2020,Primary,,Enthalpy,51%,,ND,2.04,0.599,U,ND,2.04,0.881,U,0.654,0.509,0.453,,2.63,0.509,0.175,,0.712,0.509,0.138,,1.42,0.509,0.136,,ND,0.509,0.212,U,14.8,0.509,0.136,,0.733,0.509,0.0513,,<MRL,0.509,0.177,J,Not Reported,,,,4.49,0.509,0.106,,2.59,0.509,0.15,,ND,2.04,0.599,U,Not Reported,,,,<MRL,0.509,0.115,J,Not Reported,,,,ND,0.509,2.37,U,Not Reported,,,,Not Reported,,,,<MRL,0.509,0.109,U,Not Reported,,,,Not Reported,,,,Not Reported,,,,Not Reported,,,,,,,,,,,,,,,,,,,,
Dartmouth WWTF,10/27/2020,Duplicate,,Enthalpy,50%,,ND,2.06,0.608,U,ND,2.06,0.893,U,0.593,0.499,0.444,,3.15,0.499,0.171,,1.08,0.499,0.135,,1.94,0.499,0.126,,ND,0.499,0.208,U,13.4,0.499,0.134,,0.919,0.499,0.0502,,<MRL,0.499,0.174,J,Not Reported,,,,4.56,0.499,0.104,,3.43,0.499,0.147,,ND,2.06,0.608,U,Not Reported,,,,<MRL,0.499,0.113,J,Not Reported,,,,ND,0.499,2.32,U,Not Reported,,,,Not Reported,,,,ND,0.499,0.107,U,Not Reported,,,,Not Reported,,,,Not Reported,,,,Not Reported,,,,,,,,,,,,,,,,,,,,
Dartmouth WWTF,4/26/2021,Primary,0421-793-001-1,Enthalpy,40%,,ND,0.185,0.57,U,ND,0.27,0.68,U,1.69,0.56,0.606,,1.88,0.216,0.628,,0.936,1.71,0.628,,0.393,0.158,0.682,J,ND,0.262,0.574,U,10.9,0.168,0.628,,0.462,0.063,0.63,J,<MRL,0.219,0.628,U,Not Reported,,,,3.16,0.131,0.628,,2.11,0.185,0.583,,ND,0.185,0.628,U,,,,,0.382,0.142,0.628,J,Not Reported,,,,ND,2.92,0.591,U,Not Reported,,,,Not Reported,,,,ND,0.134,0.604,U,Not Reported,,,,Not Reported,,,,Not Reported,,,,Not Reported,,,,,,,,,,,,,,,,,,,,
Dartmouth WWTF,4/26/2021,Duplicate,0421-793-002-1,Enthalpy,46%,,1.98,0.161,0.486,,ND,0.237,0.548,U,0.617,0.489,0.529,,1.71,0.188,0.548,,ND,0.17,0.256,U,0.383,0.138,0.548,J,ND,0.229,0.501,U,8.88,0.147,0.548,,0.33,0.0552,0.0554,J,<MRL,0.191,0.548,U,Not Reported,,,,2.59,0.114,0.548,,1.57,0.161,0.509,,3.84,0.161,0.548,,,,,,0.414,0.124,0.548,J,Not Reported,,,,ND,2.55,0.516,U,Not Reported,,,,Not Reported,,,,ND,0.117,0.527,U,Not Reported,,,,Not Reported,,,,Not Reported,,,,Not Reported,,,,,,,,,,,,,,,,,,,,
"EarthSource, Inc.",10/30/2020,,,Alpha Analytical,28%,,<MRL,1.72,,,<MRL,1.72,,,<MRL,1.72,,,<MRL,1.72,,J,<MRL,1.72,,,<MRL,1.72,,,<MRL,1.72,,,<MRL,1.72,,J,<MRL,1.72,,J,<MRL,1.72,,,Not Reported,,,,<MRL,1.72,,J,<MRL,1.72,,J,<MRL,1.72,,,Not Reported,,,,<MRL,1.72,,,Not Reported,,,,<MRL,1.72,,,Not Reported,,,,Not Reported,,,,<MRL,1.72,,,Not Reported,,,,Not Reported,,,,Not Reported,,,,Not Reported,,,,,,,,,,,,,,,,,,,,
"EarthSource, Inc.",1/22/2021,Primary,,Alpha Analytical,47%,,ND,0.252,0.039,,<MRL,0.503,0.023,J,2.52,0.503,0.154,F,<MRL,0.252,0.067,J,ND,0.503,0.071,,ND,0.252,0.045,,<MRL,0.252,0.061,JF,<MRL,0.503,0.053,J,<MRL,0.252,0.076,J,ND,0.503,0.206,,Not Reported,,,,<MRL,0.252,0.042,JF,1.57,0.252,0.131,F,<MRL,0.503,0.046,J,Not Reported,,,,ND,0.503,0.047,,Not Reported,,,,ND,1.01,0.084,,Not Reported,,,,Not Reported,,,,ND,1.01,0.301,,Not Reported,,,,Not Reported,,,,Not Reported,,,,Not Reported,,,,,,,,,,,,,,,,,,,,
"EarthSource, Inc.",1/22/2021,Duplicate,,Alpha Analytical,44%,,ND,0.282,0.044,,ND,0.564,0.026,,3.32,0.564,0.173,F,<MRL,0.282,0.076,JF,ND,0.564,0.079,,ND,0.282,0.051,,<MRL,0.282,0.068,JF,<MRL,0.564,0.059,JF,<MRL,0.282,0.085,J,ND,0.564,0.231,,Not Reported,,,,<MRL,0.282,0.047,JF,1.8,0.282,0.147,F,<MRL,0.564,0.052,J,Not Reported,,,,<MRL,0.564,0.053,JF,Not Reported,,,,ND,1.13,0.094,,Not Reported,,,,Not Reported,,,,ND,1.13,0.337,,Not Reported,,,,Not Reported,,,,Not Reported,,,,Not Reported,,,,,,,,,,,,,,,,,,,,
Eresco (Erving),7/31/2019,,,Eurofins,47%,,<MRL,0.42,,,<MRL,0.42,,,Not Reported,,,,Not Reported,,,,Not Reported,,,,<MRL,0.42,,,<MRL,0.42,,,1.7,,,I,2,,,,Not Reported,,,,Not Reported,,,,0.97,,,,10,,,I B,<MRL,0.42,,,Not Reported,,,,Not Reported,,,,Not Reported,,,,Not Reported,,,,Not Reported,,,,Not Reported,,,,Not Reported,,,,Not Reported,,,,Not Reported,,,,Not Reported,,,,Not Reported,,,,,,,,,,,,,,,,,,,,
Eresco (Erving),5/19/2020,,,Eurofins,42%,,<MRL,0.44,,,0.63,,,,Not Reported,,,,Not Reported,,,,Not Reported,,,,<MRL,0.44,,,<MRL,0.44,,,0.61,,,,0.64,,,,Not Reported,,,,Not Reported,,,,0.6,,,,1.3,,,,<MRL,0.44,,,Not Reported,,,,Not Reported,,,,Not Reported,,,,Not Reported,,,,Not Reported,,,,Not Reported,,,,Not Reported,,,,Not Reported,,,,Not Reported,,,,Not Reported,,,,Not Reported,,,,,,,,,,,,,,,,,,,,
Eresco (Erving),9/22/2020,Primary,,"Eurofins TestAmerica, Sacramento",41%,,<MRL,0.47,,,1.50,0.47,0.07,B,0.21,0.47,0.09,J,0.72,0.47,0.05,,0.51,0.47,0.16,,0.22,0.47,0.07,J,0.50,0.47,0.072,,1.4,0.47,0.098,,0.64,0.47,0.084,,Not Reported,,,,Not Reported,,,,1.1,0.47,0.2,I,Not Reported,,,,0.37,0.47,0.18,J,Not Reported,,,,0.73,0.47,0.084,,Not Reported,,,,<MRL,0.47,0.047,,Not Reported,,,,Not Reported,,,,<MRL,0.47,0.047,,Not Reported,,,,Not Reported,,,,Not Reported,,,,Not Reported,,,,,,,,,,,,,,,,,,,,
Eresco (Erving),9/22/2020,FIELD DUPLICATE SAMPLE,320-64927-2,"Eurofins TestAmerica, Sacramento",41%,,ND,0.45,0.056,,1.8,0.45,0.063,B,0.21,0.45,0.088,J,0.75,0.45,0.049,,0.50,0.45,0.15,,0.25,0.45,0.065,J,ND,0.45,0.070,,1.3,0.45,0.094,,0.78,0.45,0.081,,ND,0.45,0.11,,Not Reported,,,,1.1,0.45,0.19,I,48,11,4.5,,0.25,0.45,0.17,J,,,,,0.75,0.45,0.081,,Not Reported,,,,ND,0.45,0.045,,Not Reported,,,,Not Reported,,,,ND,0.45,0.045,,Not Reported,,,,Not Reported,,,,Not Reported,,,,Not Reported,,,,,,,,,,,,,,,,,,,,
Eresco (Erving),9/22/2020,Primary,,"Eurofins, Lancaster",42%,,ND,4.70,0.94,,ND,4.70,1.90,,ND,1.40,0.47,,<MRL,1.40,0.47,J,<MRL,1.40,0.47,J,ND,1.40,0.47,,ND,1.4,0.47,,<MRL,1.4,0.47,J I,ND,1.4,0.47,,ND,1.4,0.47,,Not Reported,,,,<MRL,1.4,0.47,J,140,1.4,0.47,,ND,1.4,0.47,,Not Reported,,,,<MRL,1.4,0.47,J,Not Reported,,,,ND,1.4,0.47,,Not Reported,,,,Not Reported,,,,ND,1.4,0.47,,Not Reported,,,,Not Reported,,,,Not Reported,,,,Not Reported,,,,,,,,,,,,,,,,,,,,
Eresco (Erving),12/15/2020,PRIMARY SAMPLE,320-67955-1,"Eurofins TestAmerica, Sacramento",43%,,ND,4.5,0.56,,0.98,4.5,0.63,J F1 B,ND,4.5,0.88,,0.54,4.5,0.50,J,ND,4.5,1.5,,ND,4.5,0.65,,ND,4.5,0.70,,ND,4.5,0.95,,1.1,4.5,0.81,J,ND,4.5,1.1,F1,Not Reported,,,,ND,4.5,1.9,,10,11,4.5,J I F1,ND,4.5,1.7,,,,,,0.96,4.5,0.81,J F1,Not Reported,,,,ND,4.5,0.45,F1 *+,Not Reported,,,,Not Reported,,,,ND,4.5,0.45,,Not Reported,,,,Not Reported,,,,Not Reported,,,,Not Reported,,,,,,,,,,,,,,,,,,,,
Eresco (Erving),12/15/2020,DUPLICATE SAMPLE,320-67955-2,"Eurofins TestAmerica, Sacramento",42%,,ND,4.7,0.59,,0.69,4.7,0.66,J B,ND,4.7,0.92,,ND,4.7,0.52,,ND,4.7,1.6,,ND,4.7,0.69,,ND,4.7,0.73,,ND,4.7,0.99,,1.0,4.7,0.85,J,ND,4.7,1.2,,Not Reported,,,,ND,4.7,2,,13,12,4.7,I,ND,4.7,1.8,,,,,,ND,4.7,0.85,,Not Reported,,,,ND,4.7,0.47,*+,Not Reported,,,,Not Reported,,,,ND,4.7,0.47,,Not Reported,,,,Not Reported,,,,Not Reported,,,,Not Reported,,,,,,,,,,,,,,,,,,,,
Eresco (Erving),12/15/2020,PRIMARY SAMPLE,,"Eurofins, Lancaster",44%,,ND,4.5,0.9,,ND,4.5,1.8,,ND,1.4,0.45,,0.53,1.4,0.45,JI,0.46,1.4,0.45,J,ND,1.4,0.45,,ND,1.4,0.45,,ND,1.4,0.45,,0.74,1.4,0.45,J,0.47,1.4,0.45,J,Not Reported,,,,0.58,1.4,0.45,J,4.1,1.4,0.45,I,ND,1.4,0.45,,Not Reported,,,,0.61,1.4,0.45,J,Not Reported,,,,ND,1.4,0.45,,Not Reported,,,,Not Reported,,,,ND,1.4,0.45,,Not Reported,,,,Not Reported,,,,Not Reported,,,,Not Reported,,,,,,,,,,,,,,,,,,,,
Eresco (Erving),3/23/2021,Primary,,"Eurofins TestAmerica, Sacramento",42%,,ND,0.45,0.06,,<MRL,0.45,0.06,J,ND,0.45,0.09,,0.69,0.45,0.05,,0.59,0.45,0.15,,<MRL,0.45,0.07,J,ND,0.45,0.07,,<MRL,0.45,0.094,J,0.87,0.45,0.081,,Not Reported,,,,Not Reported,,,,0.75,0.45,0.19,,6.1,1.1,0.45,B,<MRL,0.45,0.17,J,Not Reported,,,,0.87,0.45,0.081,,Not Reported,,,,ND,0.45,0.045,,Not Reported,,,,Not Reported,,,,ND,0.45,0.045,,Not Reported,,,,Not Reported,,,,Not Reported,,,,Not Reported,,,,,,,,,,,,,,,,,,,,
Eresco (Erving),3/23/2021,Duplicate,,"Eurofins TestAmerica, Sacramento",42%,,ND,0.46,0.06,,<MRL,0.46,0.07,J,ND,0.46,0.09,,0.67,0.46,0.05,,0.63,0.46,0.16,,<MRL,0.46,0.07,J,ND,0.46,0.072,,<MRL,0.46,0.097,J,0.9,0.46,0.083,,Not Reported,,,,Not Reported,,,,0.82,0.46,0.2,,7.1,1.2,0.46,B,ND,0.46,0.18,,Not Reported,,,,0.93,0.46,0.083,,Not Reported,,,,ND,0.46,0.046,,Not Reported,,,,Not Reported,,,,ND,0.46,0.046,,Not Reported,,,,Not Reported,,,,Not Reported,,,,Not Reported,,,,,,,,,,,,,,,,,,,,
Eresco (Erving),6/23/2021,PRIMARY SAMPLE,320-75380-1,"Eurofins TestAmerica, Sacramento", , ,ND,0.44,0.055, ,ND,1.7,0.24, ,ND,0.44,0.086, ,0.74,0.44,0.048, ,0.56,0.44,0.15, ,0.12,0.44,0.064,J,ND,0.44,0.068, ,0.45,0.44,0.092, ,0.61,0.44,0.079, ,0.49,0.44,0.11, ,Not Reported, , , ,0.38,0.44,0.19,J,15,1.1,0.44,I,ND,0.44,0.17, , , , , ,0.73,0.44,0.079, ,Not Reported, , , , , , , ,ND,0.44,0.044, ,Not Reported, , , , , , , ,ND,0.44,0.044, ,Not Reported, , , ,Not Reported, , , ,Not Reported, , , ,,,,,,,,,,,,,,,,,
Eresco (Erving),6/23/2021,DUPLICATE SAMPLE,320-75380-2,"Eurofins TestAmerica, Sacramento", , ,ND,0.54,0.067, ,ND,0.54,0.075, ,ND,0.54,0.1, ,0.65,0.54,0.059, ,0.55,0.54,0.18, ,0.1,0.54,0.078,J I,ND,0.54,0.083, ,0.36,0.54,0.11,J,0.61,0.54,0.097, ,0.48,0.54,0.14,J,Not Reported, , , ,0.37,0.54,0.23,J,17,1.3,0.54,I F1,ND,0.54,0.21, , , , , ,1,0.54,0.097,F1,Not Reported, , , , , , , ,ND,0.54,0.054, ,Not Reported, , , , , , , ,ND,0.54,0.054, ,Not Reported, , , ,Not Reported, , , ,Not Reported, , , ,,,,,,,,,,,,,,,,,
Eresco (Erving),5/14/2021,PRIMARY SAMPLE,L2125554-01,"Eurofins TestAmerica, Sacramento",45%,,ND,0.261,,,ND,0.521,,,ND,0.521,,,0.4,0.261,,,ND,0.521,,,ND,0.261,,,ND,0.261,,,ND,0.521,,,0.344,0.261,,,ND,0.521,,,Not Reported,,,,0.309,0.261,,,5.54,0.261,,F,ND,0.521,,,,,,,ND,0.521,,,ND,1.04,,,ND,1.04,,,ND,0.521,,,ND,0.521,,,ND,1.04,,,0.91,0.521,,,3.39,0.521,,,ND,0.521,,,ND,0.521,,,,,,,,,,,,,,,,,,,
Eresco (Erving),5/14/2021,DUPLICATE SAMPLE,L2125554-03,"Eurofins TestAmerica, Sacramento",45%,,ND,0.268,,,ND,0.536,,,ND,0.536,,,0.426,0.268,,,ND,0.536,,,ND,0.268,,,ND,0.268,,,ND,0.536,,,0.371,0.268,,,0.564,0.536,,,Not Reported,,,,0.316,0.268,,,7.15,0.268,,F,ND,0.536,,,,,,,ND,0.536,,,ND,1.07,,,ND,1.07,,,ND,0.536,,,ND,0.536,,,ND,1.07,,,0.977,0.536,,,3.72,0.536,,,ND,0.536,,,ND,0.536,,,,,,,,,,,,,,,,,,,
Greater Lawrence Sanitary District,9/29/2020,,,Alpha Analytical,96%,ng/g,<MRL,2.55,,,<MRL,2.55,,,<MRL,2.55,,,0.87,,,,<MRL,2.55,,,<MRL,0.64,,,<MRL,0.637,,,<MRL,2.55,,,<MRL,0.637,,,<MRL,2.55,,,Not Reported,,,,<MRL,0.637,,,4.72,,,F,<MRL,2.55,,,Not Reported,,,,<MRL,2.55,,,Not Reported,,,,<MRL,2.55,,,Not Reported,,,,Not Reported,,,,<MRL,2.55,,,Not Reported,,,,Not Reported,,,,Not Reported,,,,Not Reported,,,,,,,,,,,,,,,,,,,,
Greater Lawrence Sanitary District,9/29/2020,SYNAGRO BIOSOLIDS PELLET,320-65156-1,EUROFINS,93.4,ng/g,ND,4.20,0.53,F2 F1,0.77,0.42,0.059,,ND,0.42,0.082,F2 F1,2.30,0.42,0.047,,ND,4.20,1.40,F1,0.16,0.42,0.061,J,2.80,0.42,0.066,,4.40,0.42,0.089,F1,1.10,0.42,0.076,,ND,0.42,0.11,F1,Not Reported,,,,1.60,0.42,0.18,,11.00,1.10,0.42,F1,2.50,0.42,0.16,,,,,,1.20,0.42,0.076,F1,Not Reported,,,,ND,0.42,0.042,,Not Reported,,,,Not Reported,,,,ND,0.42,0.042,F2 F1,Not Reported,,,,Not Reported,,,,Not Reported,,,,Not Reported,,,,,,,,,,,,,,,,,,,,
Greater Lawrence Sanitary District,12/14/2020,Quarterly Pellet Sample,320-67914-1,"Eurofins TestAmerica, Sacramento", ,ng/g,ND,0.21,0.026, ,0.68,0.21,0.029,B,ND,0.21,0.04, ,1.8,0.21,0.023, ,1.1,0.21,0.069, ,0.19,0.21,0.03,J,ND,0.21,0.032, ,2.2,0.21,0.043, ,0.58,0.21,0.037, ,ND,0.21,0.052, ,Not Reported, , , ,1,0.21,0.088, ,9.7,0.51,0.21,B *+,1.7,0.21,0.079, , , , , ,1,0.21,0.037,I,Not Reported, , , ,ND,0.21,0.021, ,Not Reported, , , ,Not Reported, , , ,ND,0.21,0.021, ,Not Reported, , , ,Not Reported, , , ,Not Reported, , , ,Not Reported, , , ,,,,,,,,,,,,,,,,,
Greater Lawrence Sanitary District,12/14/2020,Quarterly Pellet Sample Dup,320-67914-2,"Eurofins TestAmerica, Sacramento", ,ng/g,ND,0.2,0.025,F1,0.58,0.2,0.028,B,ND,0.2,0.039,F1 F2,1.7,0.2,0.022, ,ND,0.2,0.068,F1,0.064,0.2,0.029,J I,ND,0.2,0.031,F1,2.3,0.2,0.042, ,0.59,0.2,0.036, ,ND,0.2,0.052,F1 F2,Not Reported, , , ,1.2,0.2,0.087, ,9.6,0.5,0.2,B *+,1.8,0.2,0.078, , , , , ,ND,0.2,0.036,F1,Not Reported, , , ,ND,0.2,0.02, ,Not Reported, , , ,Not Reported, , , ,ND,0.2,0.02,F1,Not Reported, , , ,Not Reported, , , ,Not Reported, , , ,Not Reported, , , ,,,,,,,,,,,,,,,,,
Greater Lawrence Sanitary District,14-Dec-20,PELLET SPLIT,L2055985-01,Alpha Analytical,94.6,ng/g,ND,1.81,0.07,,0.11,1.81,0.04,J,ND,0.52,0.08,,0.92,0.45,0.12,,0.6,0.52,0.04,F,0.08,0.13,0.02,J,0.17,0.45,0.11,JF,0.96,0.52,0.03,,0.36,0.45,0.14,J,0.29,0.52,0.11,J,Not Reported,,,,0.61,0.13,0.02,,6.18,0.13,0.07,F,0.09,0.52,0.02,J,,,,,ND,0.52,0.02,,ND,1.81,0.15,,,,,,Not Reported,,,,ND,1.81,0.54,,,,,,Not Reported,,,,Not Reported,,,,Not Reported,,,,Not Reported,,,,,,,,,,,,,,,,,,,,
Greater Lawrence Sanitary District,14-Dec-20,PELLET SPLIT DUP,L2055985-02,Alpha Analytical,94.2,ng/g,ND,0.51,0.02,,0.11,1.85,0.04,J,ND,0.51,0.08,,0.89,0.13,0.03,,0.52,1.85,0.13,JF,0.08,0.13,0.02,J,ND,0.13,0.03,,0.91,0.51,0.03,,0.31,0.13,0.04,,ND,1.85,0.38,,Not Reported,,,,0.58,0.13,0.02,,5.6,0.13,0.07,F,0.09,0.51,0.02,J,,,,,ND,0.51,0.02,,ND,1.85,0.15,,,,,,Not Reported,,,,ND,1.85,0.55,,,,,,Not Reported,,,,Not Reported,,,,Not Reported,,,,Not Reported,,,,,,,,,,,,,,,,,,,,
Greater Lawrence Sanitary District,25-Mar-21,PELLET SAMPLE SPLIT,L2115169-01,Alpha Analytical,94.6,ng/g,ND,1.24,0.194,,0.213,2.48,0.113,J,ND,2.48,0.759,,0.598,1.24,0.332,J,ND,2.48,0.347,,ND,1.24,0.224,,ND,1.24,0.3,,0.926,2.48,0.26,J,ND,1.24,0.372,,ND,2.48,1.01,,Not Reported,,,,0.556,1.24,0.208,J,6.86,1.24,0.645,F,1.44,2.48,0.228,J,,,,,0.325,2.48,0.232,J,ND,4.96,0.414,,,,,,Not Reported,,,,ND,4.96,1.48,,,,,,Not Reported,,,,Not Reported,,,,Not Reported,,,,Not Reported,,,,,,,,,,,,,,,,,,,,
Greater Lawrence Sanitary District,25-Mar-21,PELLET SAMPLE SPLIT-DUP,L2115169-02,Alpha Analytical,94.4,ng/g,ND,1.27,0.198,,0.208,2.53,0.115,J,ND,2.53,0.775,,0.535,1.27,0.34,J,ND,2.53,0.355,,ND,1.27,0.228,,ND,1.27,0.307,,0.915,2.53,0.266,J,ND,1.27,0.38,,ND,2.53,1.04,,Not Reported,,,,0.489,1.27,0.212,J,8.01,1.27,0.659,F,1.47,2.53,0.233,J,,,,,0.34,2.53,0.237,JF,ND,5.07,0.423,,,,,,Not Reported,,,,ND,5.07,1.52,,,,,,Not Reported,,,,Not Reported,,,,Not Reported,,,,Not Reported,,,,,,,,,,,,,,,,,,,,
Greater Lawrence Sanitary District,3/25/2021,Synagro Pellets,320-71737-1,"Eurofins TestAmerica, Sacramento",94.4,ng/g,ND,1,0.13, ,0.57,1,0.15,J,ND,1,0.2, ,1.1,1,0.11, ,0.56,1,0.35,J,ND,1,0.15, ,ND,1,0.16, ,1.6,1,0.22, ,0.35,1,0.19,J,ND,1,0.26, ,Not Reported, , , ,0.74,1,0.45,J,ND,2.6,1, ,3.3,1,0.4, , , , , ,0.64,1,0.19,J,Not Reported, , , ,ND,1,0.1, ,Not Reported, , , ,Not Reported, , , ,ND,1,0.1, ,Not Reported, , , ,Not Reported, , , ,Not Reported, , , ,Not Reported, , , ,,,,,,,,,,,,,,,,,
Greater Lawrence Sanitary District,3/25/2021,Synagro Pellets-DUP,320-71737-2,"Eurofins TestAmerica, Sacramento",94.2,ng/g,ND,1,0.13, ,0.53,1,0.14,J,ND,1,0.2, ,0.77,1,0.11,J,0.43,1,0.34,J,ND,1,0.15, ,ND,1,0.16, ,1.4,1,0.21, ,0.31,1,0.18,J,ND,1,0.26, ,Not Reported, , , ,0.66,1,0.43,J,ND,2.5,1, ,3.1,1,0.39, , , , , ,0.42,1,0.18,J,Not Reported, , , ,ND,1,0.1, ,Not Reported, , , ,Not Reported, , , ,ND,1,0.1, ,Not Reported, , , ,Not Reported, , , ,Not Reported, , , ,Not Reported, , , ,,,,,,,,,,,,,,,,,
Greater Lawrence Sanitary District,6/15/2021,Synagro Pellets,320-75029-1,"Eurofins TestAmerica, Sacramento",,ng/g,ND,0.21,0.03,F1 F2,0.19,0.21,0.03,J,0.29,0.21,0.04,I F1 F2,1,0.21,0.02,F1 F2,ND,0.21,0.07,F1 F2,0.09,0.21,0.03,J F1 F2,ND,0.21,0.03,F1 F2,1.1,0.21,0.04,F1 F2,0.45,0.21,0.04,F1 F2,ND,0.21,0.05,F1 F2,Not Reported,,,,0.82,0.21,0.09,F1 F2,4.7,0.52,0.21,I F1 F2,0.72,0.21,0.08,F1 F2,,,,,0.67,0.21,0.038,F1 F2,Not Reported,,,,ND,0.21,0.021,F1 F2,Not Reported,,,,Not Reported,,,,ND,0.21,0.021,F1 F2,Not Reported,,,,Not Reported,,,,Not Reported,,,,Not Reported,,,,,,,,,,,,,,,,,,,,
Greater Lawrence Sanitary District,6/15/2021,Synagro Pellets-DUP,320-75029-2,"Eurofins TestAmerica, Sacramento",,ng/g,0.12,0.2,0.03,J I,0.21,0.2,0.03,,0.74,0.2,0.04,F1 F2,1,0.2,0.02,,0.61,0.2,0.07,,0.1,0.2,0.03,J,0.35,0.2,0.03,,1.2,0.2,0.04,,0.47,0.2,0.04,,ND,0.2,0.05,,Not Reported,,,,0.82,0.2,0.09,,5.7,0.51,0.2,I F1,0.83,0.2,0.079,,,,,,0.77,0.2,0.037,,Not Reported,,,,ND,0.2,0.02,,Not Reported,,,,Not Reported,,,,0.16,0.2,0.02,J I,Not Reported,,,,Not Reported,,,,Not Reported,,,,Not Reported,,,,,,,,,,,,,,,,,,,,
Greater Lawrence Sanitary District,15-Jun-21,PELLET SAMPLE SPLIT,L2132664-01,AAL,94.8,ng/g,ND,0.51,0.08,,0.11,1.03,0.05,J,4.93,1.03,0.32,F,0.69,0.51,0.14,,0.4,1.03,0.14,J,ND,0.51,0.09,,ND,0.51,0.12,,0.86,1.03,0.11,J,0.3,0.51,0.15,J,ND,1.03,0.42,,Not Reported,,,,0.52,0.51,0.09,,5.55,0.51,0.27,F,0.16,1.03,0.095,J,,,,,0.4,1.03,0.096,J,ND,2.06,0.172,,Not Reported,,,,Not Reported,,,,ND,2.06,0.615,,Not Reported,,,,Not Reported,,,,Not Reported,,,,Not Reported,,,,Not Reported,,,,,,,,,,,,,,,,,,,,
Greater Lawrence Sanitary District,15-Jun-21,PELLET SAMPLE SPLIT DUP,L2132664-02,AAL,94.6,ng/g,ND,0.52,0.08,,0.12,1.03,0.05,J,4.26,1.03,0.32,F,0.73,0.52,0.14,,0.45,1.03,0.14,JF,ND,0.52,0.09,,ND,0.52,0.13,,0.92,1.03,0.11,J,0.28,0.52,0.16,J,ND,1.03,0.42,,Not Reported,,,,0.55,0.52,0.09,,5.15,0.52,0.27,,0.18,1.03,0.095,J,,,,,0.41,1.03,0.097,J,ND,2.06,0.172,,Not Reported,,,,Not Reported,,,,ND,2.06,0.617,,Not Reported,,,,Not Reported,,,,Not Reported,,,,Not Reported,,,,Not Reported,,,,,,,,,,,,,,,,,,,,
Hawk Ridge Compost,10/23/2020,Compost 1,,Eurofins,33.60%,,47.00,5.80,1.20,,38.00,0.58,0.082,,<MRL,0.58,0.110,,7.40,0.58,0.064,,2.60,0.58,0.20,,4.00,0.58,0.085,,ND,0.58,0.090,,150.00,5.80,1.200,,2.40,0.58,0.110,,Not Reported,,,,Not Reported,,,,13.00,0.58,0.25,,13.00,1.50,0.58,,17.00,0.58,0.22,,Not Reported,,,,1.40,0.58,0.11,,Not Reported,,,,ND,0.58,0.058,,Not Reported,,,,Not Reported,,,,ND,0.58,0.058,,Not Reported,,,,Not Reported,,,,Not Reported,,,,Not Reported,,,,,,,,,,,,,,,,,,,,
Hawk Ridge Compost,10/23/2020,Compost 2,,Eurofins,36,,33.00,5.40,0.68,,29.00,5.40,0.760,,ND,5.40,1.100,,6.20,5.40,0.590,,<MRL,5.40,1.80,J,<MRL,5.40,0.780,J,ND,5.40,0.840,,120.00,5.40,1.100,,<MRL,5.40,0.970,J,Not Reported,,,,Not Reported,,,,11.00,5.40,2.30,,<MRL,14.00,5.40,J I,11.00,5.4,2.1,,Not Reported,,,,<MRL,5.4,0.97,J,Not Reported,,,,ND,5.4,0.54,,Not Reported,,,,Not Reported,,,,ND,5.4,0.54,,Not Reported,,,,Not Reported,,,,Not Reported,,,,Not Reported,,,,,,,,,,,,,,,,,,,,
Hawk Ridge Compost Facility,5/2/2021,HRCF051221,320-73711-1,Eurofins,38.20%,ng/g,65,4.7,0.59,,47,4.7,0.66,,ND,4.7,..92,,6,4.7,0.52,,ND,4.7,1.6,,<MRL,4.7,0.68,J,<MRL,4.7,0.73,JI,140,4.7,0.99,,<MRL,4.7,0.85,J,ND,4.7,1.2,,Not Reported,,,,14,4.7,2,,<MRL,12,4.7,J ,15,4.7,1.8,,,,,,<MRL,4.7,0.85,J,Not Reported,,,,ND,4.7,0.47,,Not Reported,,,,Not Reported,,,,ND,4.7,0.47,,Not Reported,,,,Not Reported,,,,Not Reported,,,,Not Reported,,,,,,,,,,,,,,,,,,,,
Hawk Ridge Compost Facility,5/2/2021,HRCF 051221-DUP,320-73711-2,Eurofins,34.10%,ng/g,78,5.8,0.73,,48,5.8,0.81,,ND,5.8,1.1,,7.1,5.8,0.64,,ND,5.8,1.9,,<MRL,5.8,0.84,J,ND,5.8,0.9,,170,5.8,1.2,,<MRL,5.8,1,J,ND,5.8,1.5,,Not Reported,,,,16,5.8,2.5,,<MRL,15,5.8,J,17,5.8,2.2,,,,,,ND,5.8,1,,Not Reported,,,,ND,5.8,0.58,,Not Reported,,,,Not Reported,,,,ND,5.8,0.58,,Not Reported,,,,Not Reported,,,,Not Reported,,,,Not Reported,,,,,,,,,,,,,,,,,,,,
Hoosac Water Quality District,5/1/2020,,,Alpha Analytical,41%,ng/g,38.4,,,,8.41,,,,<MRL,2.3,,,11.6,,,,3.88,,,,5.4,,,,<MRL,2.3,,,66.5,,,,3.68,,,,<MRL,2.3,,,Not Reported,,,,29.7,,,,14.8,,,,11.1,,,,Not Reported,,,,<MRL,2.3,,,<MRL,2.3,,,<MRL,2.3,,,<MRL,2.3,,,2.78,,,,<MRL,2.3,,,15.4,,,,5.98,,,,<MRL,2.3,,,Not Reported,,,,,,,,,,,,,,,,,,,,
Hoosac Water Quality District,9/15/2020, , ,Alpha Analytical,43%,ng/g,31.8, , , ,9.51, , , ,<MRL,1.12, , ,13.7,, , ,4.13, , , ,4.5,, , ,<MRL,1.12, , ,41.3, , , ,3.72,, , ,<MRL,1.12, , ,Not Reported, , , ,28.8,, , ,19,,,,12.2,,,,Not Reported,,,,2.2,,,,Not Reported,,,,<MRL,1.12,,,Not Reported,,,,Not Reported,,,,<MRL,1.12,,,Not Reported,,,,Not Reported,,,,Not Reported,,,,Not Reported,,,,,,,,,,,,,,,,,,,,
Hoosac Water Quality District,12/9/2020,,,Alpha Analytical,54%,ng/g,30.2,1.69,,,14.8,1.69,,,ND,1.69,,,10.4,1.69,,,3.79,1.69,,F,3.53,1.69,,,ND,1.69,,,38.7,1.69,,,3.13,1.69,,,ND,1.69,,,Not Reported,,,,19.5,1.69,,,17.2,1.69,,F,10,1.69,,,Not Reported,,,,1.92,1.69,,,Not Reported,,,,ND,1.69,,,Not Reported,,,,Not Reported,,,,ND,1.69,,,Not Reported,,,,Not Reported,,,,Not Reported,,,,Not Reported,,,,,,,,,,,,,,,,,,,,
Hoosac Water Quality District,3/3/2021,Final Compost,L2110396-01,Alpha Analytical,55.1,ng/g,35.8,0.212,,,12.4,0.424,,,1.55,0.424,,,12.2,0.212,,,4.16,0.424,,,4.87,0.212,,,0.967,0.212,,,53.8,0.424,,,3.91,0.212,,,0.862,0.424,,,Not Tested,,,,25.7,0.212,,,18.7,0.212,,,12.4,0.424,,,Not Tested,,,,2.22,0.424,,,Not Tested,,,,ND,0.849,,,Not Tested,,,,Not Tested,,,,ND,0.849,,,Not Tested,,,,Not Tested,,,,Not Tested,,,,Not Tested,,,,,,,,,,,,,,,,,,,,
Hoosac Water Quality District,3/3/2021,"Final Compost
Duplicate",L2110396-02,Alpha Analytical,54.4,ng/g,36.6,0.221,, ,12.7,0.443,, ,1.29,0.443,, ,12.2,0.221,, ,3.93,0.443,, ,4.61,0.221,, ,0.93,0.221,, ,51.8,0.443,, ,3.69,0.221,, ,0.816,0.443,, ,Not Tested, , , ,25,0.221,, ,17.8,0.221,, ,12.6,0.443,, ,Not Tested, , , ,2.1,0.443,, ,Not Tested, , , ,ND,0.886,, ,Not Tested, , , ,Not Tested, , , ,ND,0.886,, ,Not Tested, , , ,Not Tested, , , ,Not Tested, , , ,Not Tested, , , ,,,,,,,,,,,,,,,,,
Hoosac Water Quality District,6/2/2021,Final Compost,L2129451-01,"Alpha
Analytical",57.00%,ng/g,19.4,0.209,--,,10.1,0.418,--,,1.24,0.418,--,,8.08,0.209,--,,3.6,0.418,--,,2.99,0.209,--,,0.787,0.209,--,F,29.1,0.418,--,,1.9,0.209,--,,0.741,0.418,--,,Not Tested,,,,14.6,0.209,--,,13.1,0.209,--,,6.68,0.418,--,,,,,,1.74,0.418,--,,Not Tested,,,,Not Tested,,,,ND,0.835,--,,Not Tested,,,,Not Tested,,,,ND,0.835,--,,Not Reported,,,,Not Reported,,,,Not Tested,,,,,,,,,,,,,,,,,,,,
Hoosac Water Quality District,6/2/2021,"Final Compost
Duplicate",L2129451-02,"Alpha
Analytical",56.00%,ng/g,19.6,0.776,--,,12,1.55,--,,ND,1.55,--,,8.88,0.776,--,,4.45,1.55,--,,3.08,0.776,--,,ND,0.776,--,,31.4,1.55,--,,2.25,0.776,--,,ND,1.55,--,,Not Tested,,,,15.3,0.776,--,,14.6,0.776,--,,6.14,1.55,--,,,,,,2,1.55,--,,Not Tested,,,,Not Tested,,,,ND,3.1,--,,Not Tested,,,,Not Tested,,,,ND,3.1,--,,Not Reported,,,,Not Reported,,,,Not Tested,,,,,,,,,,,,,,,,,,,,
Hoosac Water Quality District,6/2/2021,"Field
Blank",L2129451-03,"Alpha
Analytical",56.00%,ng/g,ND,1.8,--,,ND,1.8,--,,ND,1.8,--,,ND,1.8,--,,ND,1.8,--,,ND,1.8,--,,ND,1.8,--,,ND,1.8,--,,ND,1.8,--,,ND,1.8,--,,Not Tested,,,,ND,1.8,--,,ND,1.8,--,,ND,1.8,--,,,,,,ND,1.8,--,,Not Tested,,,,Not Tested,,,,ND,1.8,--,,Not Tested,,,,Not Tested,,,,ND,1.8,--,,Not Reported,,,,Not Reported,,,,Not Tested,,,,,,,,,,,,,,,,,,,,
Ipswich Compost,4/16/2020,,,Alpha Analytical,41%,ng/g,1.74,,,,2.01,,,,Not Reported,,,,Not Reported,,,,Not Reported,,,,1.88,,,,<MRL,1.18,,,7.23,,,,1.23,,,,Not Reported,,,,Not Reported,,,,5.39,,,,3.84,,,,8.79,,,,Not Reported,,,,Not Reported,,,,Not Reported,,,,Not Reported,,,,Not Reported,,,,Not Reported,,,,Not Reported,,,,Not Reported,,,,Not Reported,,,,Not Reported,,,,Not Reported,,,,,,,,,,,,,,,,,,,,
Ipswich Compost,9/25/2020, , ,Alpha Analytical,68%,ng/g,1.6, , , ,4.95, , , ,<MRL,0.732, , ,2.4,, , ,1.02, , , ,<MRL,0.732, , ,<MRL,0.732, , ,10.5, , , ,1.61,, , ,0.968, , , ,Not Reported, , , ,2.43,, , ,2.32,,,,1.06,,,,Not Reported,,,,2.36,,,,Not Reported,,,,<MRL,0.732,,,Not Reported,,,,Not Reported,,,,<MRL,0.732,,,Not Reported,,,,Not Reported,,,,Not Reported,,,,Not Reported,,,,,,,,,,,,,,,,,,,,
Ipswich Compost,12/30/2020,Primary,,Alpha Analytical,37%,ng/g,1.8,0.318,,,1.2,0.635,,,ND,0.635,,,1.68,0.318,,,ND,0.635,,,0.938,0.318,,,ND,0.318,,,40.8,0.635,,,1.49,0.318,,,ND,0.635,,,Not Reported,,,,5.8,0.318,,,1.61,0.318,,,1.4,0.635,,,Not Reported,,,,0.69,0.635,,,Not Reported,,,,ND,1.27,,,Not Reported,,,,Not Reported,,,,ND,1.27,,,Not Reported,,,,Not Reported,,,,Not Reported,,,,Not Reported,,,,,,,,,,,,,,,,,,,,
Ipswich Compost,12/30/2020,Duplicate,,Alpha Analytical,39%,ng/g,2.12,0.306,,,1.62,0.611,,,ND,0.611,,,2.4,0.306,,,0.835,0.611,,,1.09,0.306,,,ND,0.306,,,44.4,0.611,,,1.91,0.306,,,ND,0.611,,,Not Reported,,,,6.45,0.306,,,1.97,0.306,,,1.78,0.611,,,Not Reported,,,,0.87,0.611,,,Not Reported,,,,ND,1.22,,,Not Reported,,,,Not Reported,,,,ND,1.22,,,Not Reported,,,,Not Reported,,,,Not Reported,,,,Not Reported,,,,,,,,,,,,,,,,,,,,
Ipswich Compost,3/22/2021,Primary,,Alpha Analytical,50%,ng/g,1.14,0.231,,,4.15,0.462,,,ND,0.462,,,0.863,0.231,,,ND,0.462,,,0.287,0.231,,,ND,0.231,,,6.78,0.462,,,0.352,0.231,,,ND,0.462,,,Not Reported,,,,1.44,0.231,,,1.28,0.231,,,0.745,0.462,,,Not Reported,,,,ND,0.462,,,Not Reported,,,,ND,0.924,,,Not Reported,,,,Not Reported,,,,ND,0.924,,,Not reported,,,,Not Reported,,,,Not Reported,,,,Not reported,,,,,,,,,,,,,,,,,,,,
Ipswich Compost,3/22/2021,Duplicate,,Alpha Analytical,51%,ng/g,1.49,0.243,,,4.45,0.485,,,ND,0.485,,,1.29,0.243,,,ND,0.485,,,0.368,0.243,,,ND,0.243,,,8.54,0.485,,,0.481,0.243,,,ND,0.485,,,Not Reported,,,,2.1,0.243,,,1.92,0.243,,,1.21,0.485,,,Not Reported,,,,ND,0.485,,,Not Reported,,,,ND,0.97,,,Not Reported,,,,Not Reported,,,,ND,0.97,,,Not Reported,,,,Not Reported,,,,Not Reported,,,,Not Reported,,,,,,,,,,,,,,,,,,,,
Ipswich Compost,3/22/2021,Primary,,Alpha Analytical,50%,ng/g,1.14,0.231,,,4.15,0.462,,,ND,0.462,,,0.863,0.231,,,ND,0.462,,,0.287,0.231,,,ND,0.231,,,6.78,0.462,,,0.352,0.231,,,ND,0.462,,,Not Reported,,,,1.44,0.231,,,1.28,0.231,,,0.745,0.462,,,Not Reported,,,,ND,0.462,,,Not Reported,,,,ND,0.924,,,Not Reported,,,,Not Reported,,,,ND,0.924,,,Not Reported,,,,Not Reported,,,,Not Reported,,,,Not Reported,,,,,,,,,,,,,,,,,,,,
Ipswich Compost,3/22/2021,Duplicate,,Alpha Analytical,51%,ng/g,1.49,0.243,,,4.45,0.485,,,ND,0.485,,,1.29,0.243,,,ND,0.485,,,0.368,0.243,,,ND,0.243,,,8.54,0.485,,,0.481,0.243,,,ND,0.485,,,Not Reported,,,,2.1,0.243,,,1.92,0.243,,,1.21,0.485,,,Not Reported,,,,ND,0.485,,,Not Reported,,,,ND,0.97,,,Not Reported,,,,Not Reported,,,,ND,0.97,,,Not Reported,,,,Not Reported,,,,Not Reported,,,,Not Reported,,,,,,,,,,,,,,,,,,,,
Ipswich Compost,6/4/2021,Ipswich Compost,L2130511,Alpha Analytical,44%,ng/g,2.34, , , ,ND, , , ,ND, , , ,1.83, , , ,ND, , , ,0.725, , , ,ND, , , ,21.8, , , ,0.567, , , ,ND, , , ,Not Reported, , , ,3.74, , , ,3.2, , , ,2.55, , , ,, , , ,ND, , , ,Not Reported, , , , , , , ,ND, , , ,Not Reported, , , , , , , ,ND, , , ,Not Reported, , , ,Not Reported, , , ,Not Reported, , , ,,,,,,,,,,,,,,,,,
"Merrimack, NH WWTF",3/6/2020,,,Alpha Analytical,47%,,12.5,,,,12.3,,,,<MRL,1.01,,,4.42,,,,1.22,,,,1.65,,,,<MRL,1.01,,,39.7,,,,1.46,,,,<MRL,1.01,,,Not Reported,,,,7.41,,,,7.62,,,,7.99,,,,Not Reported,,,,<MRL,1.01,,,<MRL,1.01,,,<MRL,1.01,,,2.44,,,,1.61,,,,<MRL,1.01,,,9.71,,,,2.82,,,,<MRL,1.01,,,Not Reported,,,,,,,,,,,,,,,,,,,,
"Merrimack, NH WWTF",9/17/2020, , ,Alpha Analytical,27%, ,14, , , ,9.16, , , ,<MRL,1.81, , ,9.14,, , ,1.84, , , ,2.45,, , ,<MRL,1.81, , ,58.1, , , ,8.24,, , ,<MRL,1.81, , ,Not Reported, , , ,12.4,, , ,10.3,,,,14.5,,,,Not Reported,,,,2.31,,,,Not Reported,,,,<MRL,1.81,,,Not Reported,,,,Not Reported,,,,<MRL,1.81,,,Not Reported,,,,Not Reported,,,,Not Reported,,,,Not Reported,,,,,,,,,,,,,,,,,,,,
"Merrimack, NH WWTF",9/17/2020,PRIMARY SAMPLE,,Alpha Analytical,49%,,4.96,,,,5.92,,,,ND,0.982,,,3.78,,,,ND,0.982,,,1.21,,,,ND,0.246,,,24.20,,,,3.37,,,,ND,0.982,,,6.40,,,,5.23,,,,6.62,,,,1.43,,,,,,,,ND,0.982,,,Not Reported,,,,ND,0.982,,,Not Reported,,,,Not Reported,,,,ND,0.982,,,Not Reported,,,,Not Reported,,,,Not Reported,,,,Not Reported,,,,,,,,,,,,,,,,,,,,
"Merrimack, NH WWTF",9/17/2020,Duplicate,,Alpha Analytical,49%,,4.20,,,,5.16,,,,ND,0.961,,,3.22,,,,ND,0.961,,,1.00,,,,ND,0.240,,,20.10,,,,2.75,,,,ND,0.961,,,5.25,,,,4.72,,,,6.81,,,,1.35,,,,,,,,ND,0.961,,,Not Reported,,,,ND,0.961,,,Not Reported,,,,Not Reported,,,,ND,0.961,,,Not Reported,,,,Not Reported,,,,Not Reported,,,,Not Reported,,,,,,,,,,,,,,,,,,,,
"Merrimack, NH WWTF",3/19/2021,,,Alpha Analytical,50%,,7.54,0.25,,,9.56,0.49,,,0.89,0.491,,,4.73,0.25,,,1.39,0.491,,,1.58,0.25,,,0.31,0.245,,,35.20,0.49,,,2.72,0.25,,,ND,0.491,,,Not Reported,,,,8.22,0.25,,,5.54,0.25,,,8.26,0.49,,,Not Reported,,,,1.23,0.491,,,ND,0.98,,,ND,0.982,,,2.37,0.49,,,1.15,0.491,,,ND,0.982,,,13.3,0.491,,,4.17,0.491,,,ND,0.491,,,ND,0.491,,,,,,,,,,,,,,,,,,,
"Merrimack, NH WWTF",6/2/2021,?,,,,,,,,,,,,,,,,,,,,,,,,,,,,,,,,,,,,,,,,,,,,,,,,,,,,,,,,,,,,,,,,,,,,,,,,,,,,,,,,,,,,,,,,,,,,,,,,,,,,,,,,,,,,,,,,,,,,,,,,,
Middleborough ,10/30/2020,,,EST Associates Inc. ,,,ND,0.75,,,ND,0.75,,,Not Tested,,,,Not Tested,,,,Not Tested,,,,0.23,,,J,ND,0.75,,,7.6,,,,0.83,,,,Not Tested,,,,Not Tested,,,,3.6,,,,10,,,,0.53,J,,,Not Tested,,,,Not Tested,,,,Not Tested,,,,Not Tested,,,,Not Tested,,,,Not Tested,,,,Not Tested,,,,Not Tested,,,,Not Tested,,,,Not Tested,,,,Not Reported,,,,,,,,,,,,,,,,,,,,
Milorganite,5/28/2020,,,Eurofins,92%,,<MRL,0.26,,,1.4,,,J B,Not Reported,,,,Not Reported,,,,Not Reported,,,,<MRL,0.3,,,0.7,,,J I,17,,,,0.52,,,J,Not Reported,,,,Not Reported,,,,1.2,,,J,15,,,B,3.9,,,,Not Reported,,,,Not Reported,,,,Not Reported,,,,Not Reported,,,,Not Reported,,,,Not Reported,,,,Not Reported,,,,Not Reported,,,,Not Reported,,,,Not Reported,,,,Not Reported,,,,,,,,,,,,,,,,,,,,
Montague WPCF,10/26/2020,1,320-66094-1,"Eurofins TestAmerica, Sacramento", , ,ND,5.6,0.7,H,7.4,5.6,0.78,H B,ND,5.6,1.1,H,1.5,5.6,0.61,J H,ND,5.6,1.9,H,ND,5.6,0.81,H, ,, , ,2,5.6,1.2,J H,ND,5.6,1,H,ND,5.6,1.4,H,Not Reported, , , ,ND,5.6,2.4,H, ,, , ,ND,5.6,2.1,H, , , , ,ND,5.6,1,H,Not Reported, , , ,ND,5.6,0.56,H,Not Reported, , , ,Not Reported, , , ,ND,5.6,0.56,H,Not Reported, , , ,Not Reported, , , ,Not Reported, , , ,Not Reported, , , ,,,,,,,,,,,,,,,,,
Montague WPCF,10/26/2020,1 DUPLICATE,320-66094-3,"Eurofins TestAmerica, Sacramento", , ,ND,5.1,0.63,H,8.6,5.1,0.71,H B,ND,5.1,0.99,H,0.74,5.1,0.56,J H,ND,5.1,1.7,H,ND,5.1,0.73,H, ,, , ,2.6,5.1,1.1,J H,ND,5.1,0.91,H,ND,5.1,1.3,H,Not Reported, , , ,ND,5.1,2.2,H, ,, , ,ND,5.1,1.9,H, , , , ,ND,5.1,0.91,H,Not Reported, , , ,ND,5.1,0.51,H,Not Reported, , , ,Not Reported, , , ,ND,5.1,0.51,H,Not Reported, , , ,Not Reported, , , ,Not Reported, , , ,Not Reported, , , ,,,,,,,,,,,,,,,,,
Montague WPCF,3/16/2021,Primary,,"Eurofins TestAmerica, Sacramento",20.90%,,ND,3.5,0.44,,<MRL,3.5,0.5,J B,ND,3.5,0.69,F1,ND,3.5,0.39,,ND,3.5,1.2,,ND,3.5,0.51,,<MRL,3.5,0.55,J I,<MRL,3.5,0.75,J,ND,3.5,0.64,,Not Reported,,,,Not Reported,,,,ND,3.5,1.5,,44,8.9,3.5,I B,ND,3.5,1.4,,Not Reported,,,,ND,3.5,0.64,,Not Reported,,,,ND,3.5,0.35,,Not Reported,,,,Not Reported,,,,ND,3.5,0.35,F1,Not Reported,,,,Not Reported,,,,Not Reported,,,,Not Reported,,,,,,,,,,,,,,,,,,,,
Montague WPCF,3/16/2021,Duplicate,,"Eurofins testAmerica, Sacramento",21.80%,,ND,3.3,0.42,,<MRL,3.3,0.47,J B,ND,3.3,0.65,,ND,3.3,0.37,,ND,3.3,1.1,,ND,3.3,0.48,,<MRL,3.3,0.52,J I,<MRL,3.3,0.7,J,ND,3.3,0.6,,Not Reported,,,,Not Reported,,,,ND,3.3,1.4,,ND,8.3,3.3,,ND,3.3,1.3,,Not Reported,,,,ND,3.3,0.6,,Not Reported,,,,ND,3.3,0.33,,Not Reported,,,,Not Reported,,,,ND,3.3,0.33,,Not Reported,,,,Not Reported,,,,Not Reported,,,,Not Reported,,,,,,,,,,,,,,,,,,,,
MWRA,3/25/2019,,,Alpha Analytical,95%,,<MRL,0.893,,,1.01,,,,0.902,,,,1.1,,,,1.06,,,,<MRL,0.893,,,<MRL,0.893,,,2.12,,,,<MRL,0.893,,,<MRL,0.89,,,Not Reported,,,,1.16,,,,17.3,,,,<MRL,0.893,,,Not Reported,,,,0.899,,,,<MRL,0.893,,,<MRL,0.893,,,<MRL,0.893,,,<MRL,0.893,,,<MRL,0.893,,,1.78,,,,3.73,,,,<MRL,0.893,,,Not Reported,,,,,,,,,,,,,,,,,,,,
MWRA,3/11/2020,,,Alpha Analytical,95%,,<MRL,0.506,,,0.78,,,,<MRL,10,,,1.08,,,,Not Reported,,,,<MRL,0.506,,,<MRL,0.506,,,2.07,,,,0.7,,,,0.573,,,,Not Reported,,,,0.954,,,,16,,,,<MRL,0.506,,,Not Reported,,,,0.905,,,,<MRL,0.506,,,<MRL,0.506,,,<MRL,0.506,,,0.599,,,,<MRL,0.506,,,1.92,,,,3.22,,,,<MRL,0.506,,,Not Reported,,,,,,,,,,,,,,,,,,,,
MWRA,9/14/2020, , ,Alpha Analytical,95%, ,<MRL,0.51, , ,<MRL,0.51, , ,1.36, , ,F,0.798,, , ,0.883, , , ,<MRL,0.51, , ,<MRL,0.51, , ,1.96, , , ,0.849,, , ,0.51, , , ,Not Reported, , , ,0.568,, , ,7.84,,,F,<MRL,0.51,,,Not Reported,,,,0.821,,,,Not Reported,,,,<MRL,0.51,,,Not Reported,,,,Not Reported,,,,<MRL,0.51,,,Not Reported,,,,Not Reported,,,,Not Reported,,,,Not Reported,,,,,,,,,,,,,,,,,,,,
MWRA,9/14/2020,Primary,,Alpha Analytical,95%,,ND,0.51,,,ND,0.51,,,1.36,0.51,,F,0.80,0.51,,,0.88,0.51,,,ND,0.51,,,ND,0.51,,,1.96,0.51,,,0.85,0.51,,,ND,0.51,,,Not Reported,,,,0.57,0.51,,,8,0.51,,F,ND,0.51,,,Not Reported,,,,0.821,0.51,,,Not Reported,,,,ND,0.51,,,Not Reported,,,,Not Reported,,,,ND,0.51,,,Not Reported,,,,Not Reported,,,,Not Reported,,,,Not Reported,,,,,,,,,,,,,,,,,,,,
MWRA,9/14/2020,Duplicate,,Alpha Analytical,95%,,ND,0.50,,,ND,0.50,,,1.28,0.50,,F,0.88,0.50,,,0.90,0.50,,,ND,0.50,,,ND,0.5,,,1.93,0.5,,,0.84,0.5,,,ND,0.5,,,Not Reported,,,,0.55,0.5,,,9,0.5,,F,ND,0.5,,,Not Reported,,,,0.809,0.5,,,Not Reported,,,,ND,0.5,,,Not Reported,,,,Not Reported,,,,ND,0.5,,,Not Reported,,,,Not Reported,,,,Not Reported,,,,Not Reported,,,,,,,,,,,,,,,,,,,,
MWRA,12/22/2020,Primary,,Alpha Analytical,95%,,ND,0.50,,,ND,1.00,,,6.02,1.00,,F,1.13,0.50,,,1.02,1.00,,F,ND,0.50,,,ND,0.503,,,1.42,1,,,0.52,0.503,,,ND,1,,,Not Reported,,,,0.791,0.503,,F,17.3,0.503,,F,ND,1,,,Not Reported,,,,ND,1,,,Not Reported,,,,ND,2.01,,,Not Reported,,,,Not Reported,,,,ND,2.01,,,Not Reported,,,,Not Reported,,,,Not Reported,,,,Not Reported,,,,,,,,,,,,,,,,,,,,
MWRA,12/22/2020,Duplicate,,Alpha Analytical,95%,,ND,0.46,,,ND,0.92,,,5.23,0.92,,F,1.04,0.46,,,ND,0.92,,,ND,0.46,,,ND,0.458,,,1.31,0.915,,,0.495,0.458,,,ND,0.915,,,Not Reported,,,,0.727,0.458,,F,15.9,0.458,,F,ND,0.915,,,Not Reported,,,,ND,0.915,,,Not Reported,,,,ND,1.83,,,Not Reported,,,,Not Reported,,,,ND,1.83,,,Not Reported,,,,Not Reported,,,,Not Reported,,,,Not Reported,,,,,,,,,,,,,,,,,,,,
MWRA,3/11/2021,Primary,,Alpha Analytical,94%,,ND,0.13,,,1.12,0.26,,,ND,2.59,,,1.04,0.13,,,ND,13.00,,,ND,0.13,,,0.21,0.13,,F,1.81,0.259,,,0.538,0.13,,,0.819,0.259,,,Not Reported,,,,0.901,0.13,,,16.1,0.13,,,ND,0.259,,,Not Reported,,,,ND,2.59,,,Not Reported,,,,ND,0.519,,,Not Reported,,,,Not Reported,,,,ND,5.19,,,Not Reported,,,,Not Reported,,,,Not Reported,,,,Not Reported,,,,,,,,,,,,,,,,,,,,
MWRA,3/11/2021,Duplicate,,Alpha Analytical,94%,,ND,0.13,,,1.15,0.26,,,ND,2.57,,,1.11,0.13,,,ND,12.80,,,ND,0.13,,,0.25,0.128,,F,1.9,0.257,,,0.614,0.128,,,0.426,0.257,,,Not Reported,,,,0.888,0.128,,,15.9,0.128,,,ND,0.257,,,Not Reported,,,,ND,2.57,,,Not Reported,,,,ND,0.257,,,Not Reported,,,,Not Reported,,,,ND,5.14,,,Not Reported,,,,Not Reported,,,,Not Reported,,,,Not Reported,,,,,,,,,,,,,,,,,,,,
Nashua WWTF,2/26/2021,Primary,,"Eurofins TestAmerica, Sacramento",29%,,ND,6.70,0.83,,ND,6.70,0.93,,ND,6.70,1.30,,<MRL,6.70,0.73,J,ND,6.70,2.20,,ND,6.70,0.97,,ND,6.7,1,,<MRL,6.7,1.4,J,ND,6.7,1.2,,Not Reported,,,,Not Reported,,,,ND,6.7,2.9,,<MRL,17,6.7,J B,ND,6.7,2.6,,Not Reported,,,,<MRL,6.7,1.2,J,Not Reported,,,,ND,6.7,0.67,,Not Reported,,,,Not Reported,,,,ND,6.7,0.67,,Not Reported,,,,Not Reported,,,,Not Reported,,,,Not Reported,,,,,,,,,,,,,,,,,,,,
Nashua WWTF,2/26/2021,Duplicate,,"Eurofins TestAmerica, Sacramento",31%,,ND,6.20,0.77,,ND,6.20,0.87,,ND,6.20,1.20,,<MRL,6.20,0.68,J,ND,6.20,2.10,,ND,6.20,0.90,,ND,6.2,0.96,,<MRL,6.2,1.3,J,ND,6.2,1.1,,Not Reported,,,,Not Reported,,,,ND,6.2,2.7,,<MRL,15,6.2,J B,ND,6.2,2.4,,Not Reported,,,,<MRL,6.2,1.1,J,Not Reported,,,,ND,6.2,0.62,,Not Reported,,,,Not Reported,,,,NS,6.2,0.62,,Not Reported,,,,Not Reported,,,,Not Reported,,,,Not Reported,,,,,,,,,,,,,,,,,,,,
City of Newburyport WTP,5/5/2021,A52308,L2123630-01,AAL,31.5,ng/g,ND,0.385,,,ND,0.77,,,ND,0.77,,,ND,0.385,,,ND,0.77,,,ND,0.385,,,ND,0.385,,,ND,0.77,,,ND,0.385,,,ND,0.77,,,Not Reported,,,,ND,0.385,,,0.644,0.385,,,ND,0.77,,,,,,,ND,0.77,,,Not Reported,,,,ND,1.54,,,Not Reported,,,,Not Reported,,,,ND,1.54,,,Not Reported,,,,Not Reported,,,,Not Reported,,,,Not Reported,,,,,,,,,,,,,,,,,,,,
City of Newburyport WTP,5/5/2021,A52309,L2123630-02,AAL,32.8,ng/g,ND,0.361,,,ND,0.722,,,ND,0.722,,,ND,0.361,,,ND,0.722,,,ND,0.361,,,ND,0.361,,,ND,0.722,,,ND,0.361,,,ND,0.722,,,Not Reported,,,,ND,0.361,,,0.762,0.361,,,ND,0.722,,,,,,,ND,0.722,,,Not Reported,,,,ND,1.44,,,Not Reported,,,,Not Reported,,,,ND,1.44,,,Not Reported,,,,Not Reported,,,,Not Reported,,,,Not Reported,,,,,,,,,,,,,,,,,,,,
Newburyport,11/3/2020,,,Alpha Analytical,88%,,<MRL,0.54,,,<MRL,0.54,,,<MRL,0.54,,,<MRL,0.14,,,<MRL,0.54,,,<MRL,0.14,,,<MRL,0.135,,,<MRL,0.538,,,<MRL,0.135,,,<MRL,0.538,,,Not Reported,,,,<MRL,0.135,,,0.174,,,,<MRL,0.538,,,Not Reported,,,,<MRL,0.538,,,Not Reported,,,,<MRL,0.538,,,Not Reported,,,,Not Reported,,,,<MRL,0.538,,,Not Reported,,,,Not Reported,,,,Not Reported,,,,Not Reported,,,,,,,,,,,,,,,,,,,,
Newburyport,8/4/2021,A54268,L2142135-01,AAL,24.4,ng/g,ND,0.505,,,ND,1.01,,,ND,1.01,,,ND,0.505,,,ND,1.01,,,ND,0.505,,,ND,0.505,,,ND,1.01,,,ND,0.505,,,ND,1.01,,,Not Reported,,,,ND,0.505,,,0.866,0.505,,,ND,1.01,,,,,,,ND,1.01,,,Not Reported,,,,ND,2.02,,,Not Reported,,,,Not Reported,,,,ND,2.02,,,Not Reported,,,,Not Reported,,,,Not Reported,,,,Not Reported,,,,,,,,,,,,,,,,,,,,
Newburyport,8/4/2021,A54269,L2142135-02,AAL,19,ng/g,ND,0.635,,,ND,1.27,,,ND,1.27,,,ND,0.635,,,ND,1.27,,,ND,0.635,,,ND,0.635,,,ND,1.27,,,ND,0.635,,,ND,1.27,,,Not Reported,,,,ND,0.635,,,1.1,0.635,,,ND,1.27,,,,,,,ND,1.27,,,Not Reported,,,,ND,2.54,,,Not Reported,,,,Not Reported,,,,ND,2.54,,,Not Reported,,,,Not Reported,,,,Not Reported,,,,Not Reported,,,,,,,,,,,,,,,,,,,,
North Chelmsford Water District,11/9/2020,,,Eurofins,92%,,<MRL,0.21,,,<MRL,0.21,,J B,<MRL,0.21,,,<MRL,0.21,,,<MRL,0.21,,,<MRL,0.21,,,<MRL,0.21,,,<MRL,0.21,,,<MRL,0.21,,,<MRL,0.21,,,Not Reported,,,,<MRL,0.21,,,<MRL,0.53,,,<MRL,0.21,,,Not Reported,,,,<MRL,0.21,,,Not Reported,,,,<MRL,0.21,,,Not Reported,,,,Not Reported,,,,<MRL,0.21,,,Not Reported,,,,Not Reported,,,,Not Reported,,,,Not Reported,,,,,,,,,,,,,,,,,,,,
North Chelmsford Water District,3/10/2021,Primary,,"Eurofins testAmerica, Sacramento",89%,,ND,2.20,0.27,,ND,2.20,0.30,,ND,2.20,0.42,,ND,2.20,0.24,,ND,2.20,0.73,,ND,2.20,0.31,,ND,2.2,0.34,,ND,2.2,0.45,,ND,2.2,0.39,,Not Reported,,,,Not Reported,,,,ND,2.2,0.93,,ND,5.4,2.2,,ND,2.2,0.83,,Not Reported,,,,ND,2.2,0.39,,Not Reported,,,,ND,2.2,0.22,,Not Reported,,,,Not Reported,,,,ND,2.2,0.22,,Not Reported,,,,Not Reported,,,,Not Reported,,,,Not Reported,,,,,,,,,,,,,,,,,,,,
North Chelmsford Water District,3/10/2021,Duplicate,,"Eurofins TestAmerica, Sacramento",76%,,ND,2.60,0.33,,ND,2.60,0.37,,ND,2.60,0.51,,ND,2.60,0.29,,ND,2.60,0.88,,ND,2.60,0.38,,ND,2.6,0.41,,ND,2.6,0.55,,ND,2.6,0.47,,Not Reported,,,,Not Reported,,,,ND,2.6,1.1,,ND,6.6,2.6,,ND,2.6,1,,Not Reported,,,,ND,2.6,0.47,,Not Reported,,,,ND,2.6,0.26,,Not Reported,,,,Not Reported,,,,ND,2.6,0.26,,Not Reported,,,,Not Reported,,,,Not Reported,,,,Not Reported,,,,,,,,,,,,,,,,,,,,
Ocean Spray Middleborough ,10/30/2020,,,EST Associates Inc. ,,,ND,0.75,,,ND,0.75,,,ND,,,,ND,,,,ND,,,,0.23,,,J,ND,0.75,,,7.60,,,,0.83,,,,ND,,,,Not Tested,,,,3.60,,,,10.00,,,,0.53,,,J,Not Tested,,,,ND,,,,Not Tested,,,,ND,,,,Not Tested,,,,Not Tested,,,,ND,,,,Not Tested,,,,Not Tested,,,,Not Tested,,,,Not Reported,,,,,,,,,,,,,,,,,,,,
Ocean Spray Middleborough,3/12/2021,Primary,,Alpha Analytical,0.00,,ND,2.10,,,ND,4.21,,,ND,4.21,,,ND,2.10,,,ND,4.21,,,ND,2.10,,,ND,2.10,,,ND,4.21,,,ND,2.10,,,ND,4.21,,,Not Reported,,,,ND,2.10,,,ND,2.10,,,ND,4.21,,,Not Reported,,,,ND,4.21,,,Not Reported,,,,ND,8.42,,,Not Reported,,,,Not Reported,,,,ND,8.42,,,Not Reported,,,,Not Reported,,,,Not Reported,,,,Not Reported,,,,,,,,,,,,,,,,,,,,
Ocean Spray Middleborough,3/12/2021,Duplicate,,Alpha Analytical,1.00,,ND,1.38,,,ND,2.75,,,ND,2.75,,,ND,1.38,,,ND,2.75,,,ND,1.38,,,ND,1.38,,,ND,2.75,,,ND,1.38,,,ND,2.75,,,Not Reported,,,,ND,1.38,,,ND,1.38,,,ND,2.75,,,Not Reported,,,,ND,2.75,,,Not Reported,,,,ND,5.50,,,Not Reported,,,,Not Reported,,,,ND,5.50,,,Not Reported,,,,Not Reported,,,,Not Reported,,,,Not Reported,,,,,,,,,,,,,,,,,,,,
Ocean Spray Middleborough,3/26/2021,,,Alpha Analytical,0.00,,ND,0.75,,,ND,0.75,,,ND,,,,ND,,,,ND,,,,ND,0.23,,,ND,0.75,,,ND,7.60,,,ND,0.83,,,ND,,,,Not Tested,,,,ND,3.60,,,ND,10.00,,,ND,0.53,,,,,,,ND,,,,Not Tested,,,,ND,,,,Not Tested,,,,Not Tested,,,,ND,,,,Not Tested,,,,Not Reported,,,,Not Reported,,,,Not Reported,,,,,,,,,,,,,,,,,,,,
"Ocean Spray Receiving Station, Carver, MA",10/30/2020,,,Alpha Analytical,1%,uk/kg,<MRL,24.80,,,<MRL,24.80,,,<MRL,24.80,,,<MRL,6.19,,,<MRL,24.80,,,<MRL,6.19,,,<MRL,6.19,,,<MRL,24.8,,,<MRL,6.19,,,<MRL,24.8,,,Not Reported,,,,<MRL,6.19,,,<MRL,6.19,,,<MRL,24.8,,,Not Reported,,,,<MRL,24.8,,,Not Reported,,,,<MRL,24.8,,,Not Reported,,,,Not Reported,,,,<MRL,24.8,,,Not Tested,,,,Not Reported,,,,Not Reported,,,,Not Reported,,,,,,,,,,,,,,,,,,,,
Resource Management Inc,11/16/2020,Primary,,Eurofins,21%,,ND,9.00,1.10,,ND,9.00,1.30,,ND,9.000,1.70,,<MRL,9.00,0.99,J,ND,9.000,3.00,F1 F2,ND,9.00,1.30,,ND,9.000,1.40,,<MRL,9.00,1.90,J,ND,9.00,1.60,,Not Reported,,,,Not Reported,,,,ND,9.00,3.90,,ND,22.00,9.00,,ND,9.00,3.50,,Not Reported,,,,<MRL,9.000,1.60,J I,Not Reported,,,,ND,9.000,0.90,,Not Reported,,,,Not Reported,,,,ND,9.000,0.9,,Not Reported,,,,Not Reported,,,,Not Reported,,,,Not Reported,,,,,,,,,,,,,,,,,,,,
Resource Management Inc,11/16/2020,Duplicate,,Eurofins,21%,,ND,9.10,1.10,,ND,9.10,1.30,,ND,9.100,1.80,,<MRL,9.10,1.00,J,ND,9.100,3.00,,ND,9.10,1.30,,ND,9.100,1.40,,<MRL,9.10,1.90,J,ND,9.10,1.60,,Not Reported,,,,Not Reported,,,,ND,9.10,3.90,,ND,23.00,9.10,,ND,9.10,3.50,,Not Reported,,,,<MRL,9.100,1.60,J,Not Reported,,,,ND,9.100,0.91,,Not Reported,,,,Not Reported,,,,ND,9.100,0.91,,Not Reported,,,,Not Reported,,,,Not Reported,,,,Not Reported,,,,,,,,,,,,,,,,,,,,
Resource Management Inc RMF,10/6/2020,Primary,,Eurofins,35%,,<MRL,2.20,0.27,J,<MRL,2.20,0.31,J B,ND,2.200,0.43,,3.70,2.20,0.24,,<MRL,2.200,0.73,J,<MRL,2.20,0.32,J,ND,2.200,0.34,,5.40,2.20,0.46,,<MRL,2.20,0.39,J,Not Reported,,,,Not Reported,,,,2.80,2.20,0.94,,21.00,5.50,2.20,I,<MRL,2.20,0.84,J,Not Reported,,,,<MRL,2.200,0.39,J,Not Tested,,,,ND,2.200,0.22,,Not Reported,,,,Not Reported,,,,ND,2.200,0.022,,Not Tested,,,,Not Reported,,,,Not Reported,,,,Not Reported,,,,,,,,,,,,,,,,,,,,
Resource Management Inc RMF,10/6/2020,Duplicate,,Eurofins,34%,,<MRL,2.50,0.31,J,2.50,2.50,0.35,B,<MRL,2.500,0.49,J,5.40,2.50,0.28,,<MRL,2.500,0.84,J,<MRL,2.50,0.36,J,ND,2.500,0.39,,6.10,2.50,0.53,,<MRL,2.50,0.45,J,Not reported,,,,Not Reported,,,,3.90,2.50,1.10,,24.00,6.30,2.50,I,<MRL,2.50,0.97,J,Not Reported,,,,<MRL,2.500,0.45,J,Not Reported,,,,ND,2.500,0.25,,Not Reported,,,,Not Reported,,,,ND,2.500,0.25,,Not Tested,,,,Not Reported,,,,Not Reported,,,,Not reported,,,,,,,,,,,,,,,,,,,,
Resource Management Inc RMF,6/30/2021,CPM,320-76240-1,"Eurofins TestAmerica, Sacramento",33%,,ND,0.58,0.072,H,ND,0.58,0.081,H,0.42,0.58,0.11,J H I,0.63,0.58,0.063,H,0.53,0.58,0.19,J H,ND,0.58,0.084,H,ND,0.58,0.089,H,ND,0.58,0.12,H,0.49,0.58,0.1,J H,0.43,0.58,0.15,J H F1,Not Reported,,,,0.79,0.58,0.25,H,ND,1.4,0.58,H F1,ND,0.58,0.22,H,,,,,0.75,0.58,0.1,H F1,,,,,ND,0.58,0.058,H,Not Reported,,,,Not Reported,,,,ND,0.58,0.058,H,Not Reported,,,,Not Reported,,,,Not Reported,,,,Not Reported,,,,,,,,,,,,,,,,,,,,
Resource Management Inc RMF,6/30/2021,CPM Duplicate,320-76240-2,"Eurofins TestAmerica, Sacramento",34%,,ND,0.57,0.071,H,ND,0.57,0.08,H,0.37,0.57,0.11,J H,ND,0.57,0.063,H,0.51,0.57,0.19,J H,ND,0.57,0.083,H,ND,0.57,0.089,H,ND,0.57,0.12,H,0.42,0.57,0.1,J H,0.4,0.57,0.15,J H,Not Reported,,,,0.78,0.57,0.25,H,ND,1.4,0.57,H,ND,0.57,0.22,H,,,,,0.79,0.57,0.1,H,,,,,ND,0.57,0.057,H,Not Reported,,,,Not Reported,,,,ND,0.57,0.057,H,Not Reported,,,,Not Reported,,,,Not Reported,,,,Not Reported,,,,,,,,,,,,,,,,,,,,
Rockport WTP,9/14/2020,PRIMARY SAMPLE,,Alpha Analytical,24%,,<MRL,2.00,,,<MRL,2.00,,,<MRL,2.00,,,<MRL,2.00,,,<MRL,2.00,,,<MRL,2.00,,,<MRL,2,,,<MRL,2,,,<MRL,2,,,<MRL,2,,,Not tested,,,,<MRL,2,,,<MRL,2,,,<MRL,2,,,Not Tested,,,,<MRL,2,,,Not Tested,,,,<MRL,2,,,Not Tested,,,,Not Tested,,,,<MRL,2,,,Not Tested,,,,Not Tested,,,,Not Tested,,,,Not Tested,,,,,,,,,,,,,,,,,,,,
Rockport WTP,9/14/2020,Duplicate,,Alpha Analytical,35%,,<MRL,1.37,,,<MRL,1.37,,,<MRL,1.37,,,<MRL,1.37,,,<MRL,1.37,,,<MRL,1.37,,,<MRL,1.37,,,<MRL,1.37,,,<MRL,1.37,,,<MRL,1.37,,,Not tested,,,,<MRL,1.37,,,2.64,1.37,,F,<MRL,1.37,,,Not Tested,,,,<MRL,1.37,,,Not Tested,,,,<MRL,1.37,,,Not Tested,,,,Not Tested,,,,<MRL,1.37,,,Not Tested,,,,Not Tested,,,,Not Tested,,,,Not Tested,,,,,,,,,,,,,,,,,,,,
Rockport WTP,5/13/2021,Primary,L2125505-01,Alpha Analytical,50%,ng/g,ND,0.24,,,ND,0.49,,,ND,0.49,,,ND,0.24,,,ND,0.49,,,ND,0.24,,,0.27,0.242,,,ND,0.485,,,0.29,0.242,,,ND,0.485,,,Not Reported,,,,0.80,0.242,,,1.54,0.242,,,ND,0.485,,,,,,,ND,0.485,,,Not Reported,,,,ND,0.97,,,Not Reported,,,,Not Reported,,,,ND,0.97,,,Not Reported,,,,Not Reported,,,,Not Reported,,,,Not Reported,,,,,,,,,,,,,,,,,,,,
Rockport WTP,5/13/2021,Duplicate,L2125505-02,Alpha Analytical,54%,ng/g,ND,0.23,,,ND,0.45,,,ND,0.45,,,ND,0.23,,,ND,0.45,,,ND,0.23,,,0.31,0.226,,,ND,0.451,,,0.30,0.226,,,ND,0.451,,,Not Reported,,,,0.79,0.226,,,1.8,0.226,,,ND,0.451,,,,,,,ND,0.451,,,Not Reported,,,,ND,0.902,,,Not Reported,,,,Not Reported,,,,ND,0.902,,,Not Reported,,,,Not Reported,,,,Not Reported,,,,Not Reported,,,,,,,,,,,,,,,,,,,,
Rouselott,10/19/2020,,,Alpha Analytical,8%,,<MRL,6.27,,,<MRL,6.27,,,<MRL,6.27,,,<MRL,1.57,,,<MRL,6.27,,,<MRL,1.57,,,<MRL,1.57,,,<MRL,,,,<MRL,1.57,,,<MRL,6.27,,,Not Reported,,,,<MRL,1.57,,,2.89,,,,<MRL,6.27,,,Not Reported,,,,<MRL,6.27,,,Not Reported,,,,<MRL,6.27,,,Not Reported,,,,Not Reported,,,,<MRL,6.27,,,Not Reported,,,,Not Reported,,,,Not Reported,,,,Not Reported,,,,,,,,,,,,,,,,,,,,
Salem & Beverly Water Supply,10/6/2020,,,Eurofins,13%,,<MRL,7.60,,,<MRL,7.60,,,<MRL,2.30,,,<MRL,2.30,,,<MRL,2.30,,,<MRL,2.30,,,<MRL,2.3,,,<MRL,2.3,,,<MRL,2.3,,,<MRL,2.3,,,Not Reported,,,,4.2,,,,6.8,,,,<MRL,2.3,,,Not Reported,,,,<MRL,2.3,,,Not Reported,,,,<MRL,2.3,,,Not Reported,,,,Not Reported,,,,<MRL,2.3,,,Not Reported,,,,Not Reported,,,,Not Reported,,,,Not Reported,,,,,,,,,,,,,,,,,,,,
Salem Beverly NW Sample,10/6/2020,,,Eurofins,,,ND,15,,,ND,4.4,,,ND,4.4,,,ND,4.4,,,ND,4.4,,,ND,4.4,,,ND,4.4,,,ND,4.4,,,ND,4.4,,,ND,4.4,,,Not Tested,,,,8.5,,,,13,,,,ND,4.4,,,Not Tested,,,,Not Tested,,,,Not Tested,,,,ND,4.4,,,Not Tested,,,,Not Tested,,,,<4.4,,,,Not Tested,,,,Not Tested,,,,Not Tested,,,,Not Reported,,,,,,,,,,,,,,,,,,,,
Salem Beverly NW Sample,2/12/2021,,,Eurofins,47%,,<MRL,21.00,4.20,,<MRL,21.00,8.50,,<MRL,6.40,2.10,,<MRL,6.40,2.10,,<MRL,6.40,2.10,,<MRL,6.40,2.10,,<MRL,6.4,2.1,,<MRL,6.4,2.1,,<MRL,6.4,2.1,,<MRL,6.4,2.1,,Not Reported,,,,<MRL,6.4,2.1,,6.5,6.4,2.1,,<MRL,6.4,2.1,,Not Reported,,,,<MRL,6.4,2.1,,Not Reported,,,,<MRL,6.4,2.1,,Not Reported,,,,Not Reported,,,,<MRL,6.4,2.1,,Not Reported,,,,Not Reported,,,,Not Reported,,,,Not Reported,,,,,,,,,,,,,,,,,,,,
Salem Beverly NW Sample,5/19/2021,,,Eurofins,,,<1.1,,,,<1.1,,,,<0.34,,,,<0.34,,,,<0.34,,,,<0.34,,,,<0.34,,,,,,,,<0.34,,,,<0.34,,,,Not Tested,,,,1.1,,,,2,,,,<0.34,,,,,,,,Not Tested,,,,Not Tested,,,,<0.34,,,,Not Tested,,,,Not Tested,,,,<0.34,,,,Not Tested,,,,Not Tested,,,,Not Tested,,,,Not Reported,,,,,,,,,,,,,,,,,,,,
Salem Beverly SE Sample,10/6/2020,,,Eurofins,,,ND,7.5,,,ND,2.3,,,ND,2.3,,,ND,2.3,,,ND,2.3,,,ND,2.3,,,ND,2.3,,,ND,2.3,,,ND,2.3,,,ND,2.3,,,Not Tested,,,,4.2,,,,6.8,,,,ND,2.3,,,Not Tested,,,,Not Tested,,,,Not Tested,,,,ND,2.3,,,Not Tested,,,,Not Tested,,,,<2.3,,,,Not Tested,,,,Not Tested,,,,Not Tested,,,,Not Reported,,,,,,,,,,,,,,,,,,,,
Salem Beverly SE Sample,2/12/2021,,,Eurofins,44%,,<MRL,23.00,4.60,,<MRL,23.00,9.20,,<MRL,6.90,2.30,,<MRL,6.90,2.30,,<MRL,6.90,2.30,,<MRL,6.90,2.30,,<MRL,6.9,2.3,,<MRL,6.9,2.3,,<MRL,6.9,2.3,,<MRL,6.9,2.3,,Not Reported,,,,<MRL,6.9,2.3,,7.3,6.9,2.3,,<MRL,6.9,2.3,,Not Reported,,,,<MRL,6.9,2.3,,Not Reported,,,,<MRL,6.9,2.3,,Not Reported,,,,Not Reported,,,,<MRL,6.9,2.3,,Not Reported,,,,Not Reported,,,,Not Reported,,,,Not Reported,,,,,,,,,,,,,,,,,,,,
Salem Beverly SE Sample,5/19/2021,,,Eurofins,,,<1.1,,,,<1.1,,,,<0.34,,,,<0.34,,,,<0.34,,,,<0.34,,,,<0.34,,,,,,,,<0.34,,,,<0.34,,,,Not Tested,,,,0.77,,,,1.3,,,,<0.34,,,,,,,,Not Tested,,,,Not Tested,,,,<0.34,,,,Not Tested,,,,Not Tested,,,,<0.34,,,,Not Tested,,,,Not Tested,,,,Not Tested,,,,Not Reported,,,,,,,,,,,,,,,,,,,,
Somerset Water & Sewer Dept,10/27/2020,Primary,,TestAmerica,86%,,8.8,2.3,0.28,,5.5,2.3,0.32,B F1,<MRL,2.3,0.44,J,8.4,2.3,0.25,F1,3.9,2.3,0.76,,2.8,2.3,0.33,,<MRL,2.3,0.35,,27,2.3,0.48,,<MRL,2.3,0.41,J,<MRL,2.3,0.58,,Not Reported,,,,16,2.3,0.98,,13,5.7,2.3,,5.4,2.3,0.88,F1,Not Reported,,,,<MRL,2.3,0.41,J F1,Not Reported,,,,<MRL,2.3,0.23,,Not Reported,,,,Not Reported,,,,<MRL,2.3,0.23,,Not Reported,,,,Not Reported,,,,Not Reported,,,,Not Reported,,,,,,,,,,,,,,,,,,,,
Somerset Water & Sewer Dept,10/27/2020,Duplicate,,TestAmerica,92%,,7.1,2.2,0.27,,3.9,2.2,0.3,B,<MRL,2.2,0.42,J,7.1,2.2,0.24,,2.9,2.2,0.72,,2.4,2.2,0.31,,<MRL,2.2,0.33,,18,2.2,0.45,,<MRL,2.2,0.39,J,<MRL,2.2,0.55,,Not Reported,,,,13,2.2,0.93,,11,5.4,2.2,I,4.1,2.2,0.83,,Not Reported,,,,<MRL,2.2,0.39,J,Not Reported,,,,<MRL,2.2,0.22,,Not Reported,,,,Not Reported,,,,<MRL,2.2,0.22,,Not Reported,,,,Not Reported,,,,Not Reported,,,,Not Reported,,,,,,,,,,,,,,,,,,,,
Somerset Water & Sewer Dept,1/19/2021,Primary,,Eurofins,56.90%,,32,3.3,0.42,,15,3.3,0.47,B,<MRL,3.3,0.65,J,20,3.3,0.37,,6.4,3.3,1.1,,7,3.3,0.48,,<MRL,3.3,0.52,J I,69,3.3,0.7,,3.8,3.3,0.6,,Not Reported,,,,Not Reported,,,,37,3.3,1.4,,19,8.4,3.3,,17,3.3,1.3,,Not Reported,,,,<MRL,3.3,0.6,J,Not Tested,,,,ND,3.3,0.33,,Not Reported,,,,Not Reported,,,,ND,3.3,0.33,,Not Reported,,,,Not Reported,,,,Not Reported,,,,Not Reported,,,,,,,,,,,,,,,,,,,,
Somerset Water & Sewer Dept,1/19/2021,Duplicate,,Eurofins,54.10%,,37,3.4,0.42,,16,3.4,0.47,B,<MRL,3.3,0.66,J,20,3.4,0.37,,8.9,3.4,1.1,,6.6,3.4,0.49,,<MRL,3.4,0.52,J,70,3.4,0.71,,3.9,3.4,0.61,,Not Reported,,,,Not Reported,,,,29,3.4,1.5,,22,8.4,3.4,,19,3.4,1.3,,Not Reported,,,,<MRL,3.4,0.61,J,Not Reported,,,,ND,3.4,0.34,,Not Reported,,,,Not Reported,,,,ND,3.4,0.34,,Not Reported,,,,Not Reported,,,,Not Reported,,,,Not Reported,,,,,,,,,,,,,,,,,,,,
Somerset Water & Sewer Dept,4/26/2021,Primary ,,Eurofins,41.00%,,39,4.6,0.57,,6.5,4.6,0.64,F1,ND,4.6,0.89,,19,4.6,0.5,F1,3.4,4.6,1.5,J F1,9.1,4.6,0.66,F1,1.2,4.6,0.71,J,53,4.6,0.96,,4.5,4.6,0.82,J F1,Not Reported,,,,Not Reported,,,,61,4.6,2,,21,11,4.6,,8.2,4.6,1.8,,,,,,1.9,4.6,0.82,J F2,Not Reported,,,,ND,4.6,0.46,F1,Not Reported,,,,Not Reported,,,,ND,4.6,0.46,,Not Reported,,,,Not Reported,,,,Not Reported,,,,Not Reported,,,,,,,,,,,,,,,,,,,,
Somerset Water & Sewer Dept,4/26/2021,Duplicate,,Eurofins,53.90%,,37,3.7,0.46,,9.6,3.7,0.51,,1.8,3.7,0.72,J,16,3.7,0.4,,3.8,3.7,1.2,,7.8,3.7,0.53,,0.81,3.7,0.57,J,57,3.7,0.77,,4,3.7,0.66,,Not Reported,,,,Not Reported,,,,50,3.7,1.6,,17,9.2,3.7,,12,3.7,1.4,,,,,,2,3.7,0.66,J,Not Reported,,,,ND,3.7,0.37,,Not Reported,,,,Not Reported,,,,ND,3.7,0.37,,Not Reported,,,,Not Reported,,,,Not Reported,,,,Not Reported,,,,,,,,,,,,,,,,,,,,
Soundview Vermont Holdings,12/9/2020,,,Eurofins,35.80%,,ND,0.54,0.067,,1.4,0.54,0.075,B,ND,0.54,0.1,,2.3,0.54,0.059,,2,0.54,0.18,,0.78,0.54,0.078,,ND,0.54,0.083,,0.6,0.54,0.11,,2.2,0.54,0.096,,Not Reported,,,,Not Reported,,,,1.6,0.54,0.23,,ND,1.3,0.54,,<MRL,0.54,0.21,J,Not Reported,,,,2.3,0.54,0.096,,Not Reported,,,,ND,0.54,0.054,,Not Reported,,,,Not Reported,,,,ND,0.54,0.054,,Not Reported,,,,Not Reported,,,,Not Reported,,,,Not Reported,,,,,,,,,,,,,,,,,,,,
Soundview Vermont Holdings,12/9/2020,,,Eurofins,37.40%,,ND,0.49,0.061,,1.3,0.49,0.069,B,ND,0.49,0.096,,1.7,0.49,0.054,,1.8,0.49,0.16,F1,0.67,0.49,0.071,,ND,0.49,0.076,,0.57,0.49,0.1,,1.9,0.49,0.088,,Not Reported,,,,Not Reported,,,,1.6,0.49,0.21,,ND,1.2,0.49,F1,<MRL,0.49,0.19,J,Not Reported,,,,2.1,0.49,0.088,F1,Not Reported,,,,ND,0.49,0.061,F1,Not Reported,,,,Not Reported,,,,ND,0.49,0.049,,Not Reported,,,,Not Reported,,,,Not Reported,,,,Not Reported,,,,,,,,,,,,,,,,,,,,
Soundview Vermont Holdings,3/1/2021,Primary,320-70976-1,"Eurofins TestAmerica, Sacramento",39.80%, ,ND,4.8,0.6, ,0.77,4.8,0.67,J,ND,4.8,0.94, ,1.8,4.8,0.53,J,2.3,4.8,1.6,J,ND,4.8,0.7, ,ND,4.8,0.75, ,ND,4.8,1, ,1.5,4.8,0.87,J,1.7,4.8,1.2,J,Not Reported, , , ,ND,4.8,2.1, ,16,12,4.8,I B,ND,4.8,1.9, , , , , ,2.8,4.8,0.87,J,Not Reported, , , ,Not Reported, , , ,ND,4.8,0.48, ,Not Reported, , , ,Not Reported, , , ,ND,4.8,0.48, ,Not Reported, , , ,Not Reported, , , ,Not Reported, , , ,,,,,,,,,,,,,,,,,
Soundview Vermont Holdings,3/1/2021,SVH Duplicate,320-70976-2,"Eurofins TestAmerica, Sacramento",39.60%, ,ND,4.9,0.62, ,0.75,4.9,0.69,J,ND,4.9,0.96, ,1.5,4.9,0.54,J,1.7,4.9,1.7,J F1,ND,4.9,0.72, ,ND,4.9,0.76, ,ND,4.9,1, ,1.7,4.9,0.89,J,1.4,4.9,1.3,J F1,Not Reported, , , ,ND,4.9,2.1,F1,19,12,4.9,I B,ND,4.9,1.9, , , , , ,2.1,4.9,0.89,J F1,Not Reported, , , ,Not Reported, , , ,ND,4.9,0.49, ,Not Reported, , , ,Not Reported, , , ,ND,4.9,0.49,F1,Not Reported, , , ,Not Reported, , , ,Not Reported, , , ,,,,,,,,,,,,,,,,,
Soundview Vermont Holdings,5/14/2021,,,Alpha Analytical,,,<MRL,0.334,,,<MRL,0.689,,,<MRL,0.689,,,2.04,,,,1.94,,,,0.59,,,,<MRL,0.344,,,<MRL,0.689,,,1.89,,,,3.05,,,,<MRL,,,,1,,,,2,,,,<MRL,0.689,,,,,,,2.05,,,,<MRL,1.38,,,<MRL,1.038,,,<MRL,0.689,,,<MRL,0.689,,,<MRL,1.38,,,<MRL,0.689,,,<MRL,0.689,,,2.04,,,,Not Reported,,,,,,,,,,,,,,,,,,,,
Southbridge WWTF,4/8/2020,,,Enthalpy,50.90%,ng/g,<MRL,0.323,,,<MRL,0.475,,,Not Reported,,,,3.66,,,,Not Reported,,,,1.01,,,,<MRL,0.458,,,25.5,,,,1.73,,,,Not Reported,,,,Not Reported,,,,5.36,,,,5.22,,,,<MRL,0.323,,,Not Reported,,,,Not Reported,,,,Not Reported,,,,Not Reported,,,,Not Reported,,,,Not Reported,,,,Not Reported,,,,Not Reported,,,,Not Reported,,,,Not Reported,,,,Not Reported,,,,,,,,,,,,,,,,,,,,
Southbridge WWTF,9/25/2020,,,Alpha Analytical,62%,ng/g,1.27,,,,11.40,,,,<MRL,0.77,,,2.17,,,,<MRL,0.77,,,<MRL,0.77,,,<MRL,0.773,,,11.9,,,,0.909,,,,<MRL,0.773,,,Not Reported,,,,3.1,,,,4.37,,,F,1.64,,,,Not Reported,,,,<MRL,0.773,,,Not Reported,,,,<MRL,0.773,,,Not Reported,,,,Not Reported,,,,<MRL,0.773,,,Not Reported,,,,Not Reported,,,,Not Reported,,,,Not Reported,,,,,,,,,,,,,,,,,,,,
"Southbridge, MA",12/4/2020,Primary sample,,Alpha Analytical,49%,ng/g,1.24,,,,13.60,,,,1.49,,,,3.41,,,,ND,1.03,,,ND,1.03,,,ND,1.03,,,14.30,,,,1.55,,,,ND,1.03,,,Not Tested,,,,4.33,,,,6.70,,,,1.85,,,,Not Tested,,,,ND,1.03,,,Not Tested,,,,ND,1.03,,,Not Tested,,,,Not Tested,,,,ND,1.03,,,Not Tested,,,,Not Tested,,,,Not Tested,,,,Not Reported,,,,,,,,,,,,,,,,,,,,
"Southbridge, MA",12/4/2020,Duplicate,,Alpha Analytical,49%,ng/g,1.06,,,,9.20,,,,1.16,,,,3.25,,,,ND,0.97,,,ND,0.97,,,ND,0.97,,,12.60,,,,1.45,,,,ND,0.97,,,Not Tested,,,,3.99,,,,6.44,,,,1.46,,,,Not Tested,,,,ND,0.97,,,Not Tested,,,,ND,0.97,,,Not Tested,,,,Not Tested,,,,ND,0.97,,,Not Tested,,,,Not Tested,,,,Not Tested,,,,Not Reported,,,,,,,,,,,,,,,,,,,,
"Southbridge, MA",2/11/2021,Primary,,Alpha Analytical,52%,ng/g,1.39,0.234,,,7.43,0.467,,,ND,0.467,,,2.62,0.234,,,0.716,0.467,,F,0.733,0.234,,,0.242,0.234,,,11.1,0.467,,,1.49,0.234,,,ND,0.467,,,Not Reported,,,,3.67,0.234,,,5.03,0.234,,,2.01,0.467,,,Not Reported,,,,0.576,0.467,,,Not Reported,,,,ND,0.934,,,Not Reported,,,,Not Reported,,,,ND,0.934,,,Not Reported,,,,Not Reported,,,,Not Reported,,,,Not Reported,,,,,,,,,,,,,,,,,,,,
"Southbridge, MA",2/11/2021,Duplicate,,Alpha Analytical,52%,ng/g,1.32,0.229,,,7.44,0.458,,,ND,0.458,,,2.49,0.229,,,0.839,0.458,,,0.748,0.229,,,ND,0.229,,,10.2,0.458,,,1.41,0.229,,,ND,0.458,,,Not Reported,,,,3.49,0.229,,,4.8,0.229,,,2.24,0.458,,,Not Reported,,,,0.582,0.458,,,Not Reported,,,,ND,0.915,,,Not Reported,,,,Not Reported,,,,ND,0.915,,,Not Reported,,,,Not Reported,,,,Not Reported,,,,Not Reported,,,,,,,,,,,,,,,,,,,,
"Southbridge, MA",5/11/2021,,,Alpha Analytical,,ng/g,2.71,0.75,,,7.52,0.75,,,ND,,,,2.56,,,,0.63,,,,1,0.23,,,ND,0.75,,,14.2,0.75,,,1.41,7.6,,,ND,0.83,,,Not Tested,,,,4.02,3.6,,,5,10,,,2.7,0.53,,,,,,,ND,,,,Not Tested,,,,ND,,,,Not Tested,,,,Not Tested,,,,ND,,,,Not Tested,,,,Not Tested,,,,Not Tested,,,,Not Tested,,,,,,,,,,,,,,,,,,,,
"Southbridge, MA",5/11/2021,,,Alpha Analytical,,ng/g,2.63,0.75,,,14.7,0.75,,,ND,,,,2.24,,,,0.8,,,,0.9,0.23,,,ND,0.75,,,12.2,0.75,,,1.24,7.6,,,ND,0.83,,,Not Tested,,,,3.57,3.6,,,4.54,10,,,2.48,0.53,,,,,,,ND,,,,Not Tested,,,,ND,,,,Not Tested,,,,Not Tested,,,,ND,,,,Not Tested,,,,Not Tested,,,,Not Tested,,,,Not Tested,,,,,,,,,,,,,,,,,,,,
"Southbridge, MA",5/11/2021,,,Alpha Analytical,,ng/g,Not Tested,0.75,,,Not Tested,0.75,,,Not Tested,,,,Not Tested,,,,Not Tested,,,,Not Tested,0.23,,,Not Tested,0.75,,,Not Tested,0.75,,,Not Tested,7.6,,,Not Tested,0.83,,,Not Tested,,,,Not Tested,3.6,,,Not Tested,10,,,Not Tested,0.53,,,,,,,Not Tested,,,,Not Tested,,,,Not Tested,,,,Not Tested,,,,Not Tested,,,,Not Tested,,,,Not Tested,,,,Not Tested,,,,Not Tested,,,,Not Tested,,,,,,,,,,,,,,,,,,,,
"Waste Options Nantucket, LLC",10/28/2020,,,Eurofins,74%,ng/g,0.46,,,,0.48,,,,<MRL,0.26,,J,0.91,,,,0.41,,,,0.40,,,,<MRL,0.26,,J,1.7,,,,0.4,,,,Not Reported,,,,Not Reported,,,,1.4,,,,3.5,,,,0.92,,,,Not Reported,,,,0.27,,,,Not Reported,,,,<MRL,0.26,,,Not Reported,,,,Not Reported,,,,<MRL,0.26,,,Not Reported,,,,Not Reported,,,,Not Reported,,,,Not Reported,,,,,,,,,,,,,,,,,,,,
"Waste Options Nantucket, LLC",1/27/2021,Primary,,Eurofins,67%,ng/g,0.33,0.29,0.04,,0.27,0.29,0.04,J,ND,0.29,0.06,,1.00,0.29,0.03,,0.42,0.29,0.10,,0.34,0.29,0.04,,0.11,0.29,0.046,J,1.1,0.29,0.062,,0.46,0.29,0.053,,Not Reported,,,,Not Reported,,,,1.4,0.29,0.13,,3.5,0.74,0.29,B,0.49,0.29,0.11,,Not Reported,,,,0.34,0.29,0.053,F1,Not Reported,,,,ND,0.29,0.029,,Not Reported,,,,Not Reported,,,,ND,0.29,0.029,,Not Reported,,,,Not Reported,,,,Not Reported,,,,Not Reported,,,,,,,,,,,,,,,,,,,,
"Waste Options Nantucket, LLC",1/27/2021,Duplicate,,Eurofins,61%,ng/g,0.32,0.31,0.04,,0.23,0.31,0.04,J,ND,0.31,0.06,,0.70,0.31,0.03,,0.28,0.31,0.10,J,0.31,0.31,0.05,,0.09,0.31,0.048,J,1.1,0.31,0.065,,0.4,0.31,0.056,,Not Reported,,,,Not Reported,,,,1.1,0.31,0.13,,2.8,0.77,0.31,B,0.46,0.31,0.12,,Not Reported,,,,0.23,0.31,0.056,J,Not Reported,,,,ND,0.31,0.031,,Not Reported,,,,Not Reported,,,,ND,0.31,0.031,,Not Reported,,,,Not Reported,,,,Not Reported,,,,Not Reported,,,,,,,,,,,,,,,,,,,,
"Waste Options Nantucket, LLC",5/13/2021,FC051321,320-73710-1,"Eurofins TestAmerica, Sacramento",78.50%,ng/g,0.4,0.25,0.032,,0.79,0.25,0.035,,ND,0.25,0.049,,0.65,0.25,0.028,,0.26,0.25,0.085,,0.39,0.25,0.037,,<MRL,0.25,0.039,J I,2,0.25,0.053,F2  F1,0.29,0.25,0.045,,Not Reported,,,,Not Reported,,,,1,0.25,0.11,,2.3,0.63,0.25,I,0.85,0.25,0.097,,,,,,<MRL,0.25,0.045,J,Not Reported,,,,<MRL,0.25,0.025,J,Not Reported,,,,Not Reported,,,,ND,0.25,0.025,,Not Reported,,,,Not Reported,,,,Not Reported,,,,Not Reported,,,,,,,,,,,,,,,,,,,,
"Waste Options Nantucket, LLC",5/13/2021,FC051321 DUP,320-73710-2,"Eurofins TestAmerica, Sacramento",75.30%,ng/g,0.43,0.26,0.032,,0.89,0.26,0.036,,ND,0.26,0.05,,0.64,0.26,0.028,,0.23,0.26,0.086,J,0.32,0.26,0.037,,<MRL,0.26,0.04,J I,2.2,0.26,0.054,,0.29,0.26,0.046,,Not Reported,,,,Not Reported,,,,0.9,0.26,0.11,,2.1,0.64,0.26,I,0.84,0.26,0.098,,,,,,<MRL,0.26,0.046,J,Not Reported,,,,0.029,0.26,0.026,J,Not Reported,,,,Not Reported,,,,ND,0.26,0.026,,Not Reported,,,,Not Reported,,,,Not Reported,,,,Not Reported,,,,,,,,,,,,,,,,,,,,
Weymouth Water Dpt,2/8/2021,North Field Primary,,Alpha Analytical,14%,ng/g,ND,0.84,0.13,,<MRL,1.67,0.08,J,ND,1.67,0.51,,ND,0.84,0.22,,ND,1.67,0.23,,<MRL,0.84,0.15,J,ND,0.836,0.202,,<MRL,1.67,0.176,J,ND,0.836,0.251,,ND,1.67,0.684,,Not Reported,,,,<MRL,0.836,0.14,J,0.989,0.836,0.435,F,<MRL,1.67,0.154,,Not Reported,,,,ND,1.67,0.156,,Not Reported,,,,ND,3.34,0.279,,Not Reported,,,,Not Reported,,,,ND,3.34,1,,Not Reported,,,,Not Reported,,,,Not Reported,,,,Not Reported,,,,,,,,,,,,,,,,,,,,
Weymouth Water Dpt,2/8/2021,North Field Duplicate,,Alpha Analytical,8%,ng/g,ND,1.58,0.25,,<MRL,3.16,0.14,J,ND,3.16,0.97,,ND,1.58,0.42,,ND,3.16,0.44,,ND,1.58,0.29,,ND,1.58,0.383,,<MRL,3.16,0.332,J,ND,1.58,0.475,,ND,3.16,1.29,,Not Reported,,,,<MRL,1.58,0.265,J,1.68,1.58,0.823,,<MRL,3.16,0.291,J,Not Reported,,,,ND,3.16,0.296,,Not Reported,,,,ND,6.33,0.528,,Not Reported,,,,Not Reported,,,,ND,6.33,1.89,,Not Reported,,,,Not Reported,,,,Not Reported,,,,Not Reported,,,,,,,,,,,,,,,,,,,,
Weymouth Water Dpt,2/8/2021,South Field Primary,,Alpha Analytical,17%,ng/g,ND,0.71,0.11,,<MRL,1.42,0.06,J,ND,1.42,0.43,,ND,0.71,0.19,,ND,1.42,0.20,,ND,0.71,0.13,,ND,0.709,0.172,,ND,1.42,0.149,,ND,0.709,0.213,,ND,1.42,0.58,,Not Reported,,,,ND,0.709,0.119,,0.757,0.709,0.368,,ND,1.42,0.13,,Not Reported,,,,ND,1.42,0.133,,Not Reported,,,,ND,2.83,0.237,,Not Reported,,,,Not Reported,,,,ND,2.83,0.848,,Not Reported,,,,Not Reported,,,,Not Reported,,,,Not Reported,,,,,,,,,,,,,,,,,,,,
Weymouth Water Dpt,2/8/2021,South Field Duplicate,,Alpha Analytical,20%,ng/g,ND,0.59,0.09,,ND,1.18,0.05,,ND,1.18,0.36,,ND,0.59,0.16,,ND,1.18,0.17,,ND,0.59,0.11,,ND,0.592,0.092,,ND,1.18,0.124,,ND,0.592,0.177,,ND,1.18,0.484,,Not Reported,,,,ND,0.592,0.099,,0.854,0.592,0.308,,<MRL,1.18,0.109,J,Not Reported,,,,ND,1.18,0.111,,Not Reported,,,,ND,2.37,0.198,,Not Reported,,,,Not Reported,,,,ND,2.37,0.708,,Not Reported,,,,Not Reported,,,,Not Reported,,,,Not Reported,,,,,,,,,,,,,,,,,,,,
Weymouth Water Dpt,2/8/2021,Lagoon A Primary,,Alpha Analytical,4%,ng/g,ND,3.00,0.47,,<MRL,6.01,0.27,J,ND,6.01,1.84,,<MRL,3.00,0.81,J,ND,6.01,0.84,,ND,3.00,0.54,,ND,3,0.727,,ND,6.01,0.631,,<MRL,3,0.805,J,ND,6.01,2.46,,Not reported,,,,<MRL,3,0.504,J,21.1,3,1.56,,<MRL,6.01,0.553,J,Not Reported,,,,<MRL,6.01,0.563,JF,Not Reported,,,,ND,12,1,,Not Reported,,,,Not Reported,,,,ND,12,3.59,,Not Reported,,,,Not Reported,,,,Not Reported,,,,Not Reported,,,,,,,,,,,,,,,,,,,,
Weymouth Water Dpt,2/8/2021,Lagoon A Duplicate,,Alpha Analytical,4%,ng/g,ND,3.25,0.51,,10.50,6.50,0.30,,ND,6.50,1.99,,<MRL,3.25,0.87,J,ND,6.50,0.91,,ND,3.25,0.59,,ND,3.25,0.786,,ND,6.5,0.682,,<MRL,3.25,0.974,J,ND,6.5,0.909,,Not Reported,,,,<MRL,3.25,0.544,J,23.6,3.25,1.69,,<MRL,6.5,0.598,J,Not Reported,,,,<MRL,6.5,0.608,J,Not Reported,,,,ND,13,1.08,,Not Reported,,,,Not Reported,,,,ND,13,3.88,,Not Reported,,,,Not Reported,,,,Not Reported,,,,Not Reported,,,,,,,,,,,,,,,,,,,,
Weymouth Water Dpt,2/8/2021,Lagoon B Primary,,Alpha Analytical,2%,ng/g,ND,5.45,0.85,,30.60,10.90,0.50,,ND,10.90,3.34,,<MRL,5.45,1.46,J,ND,10.90,1.53,,ND,5.45,0.98,,ND,5.45,1.32,,ND,10.9,1.14,,<MRL,5.45,1.64,J,ND,10.9,4.46,,Not Reported,,,,<MRL,5.45,0.914,J,37.2,5.45,2.84,,<MRL,10.9,1,J,Not Reported,,,,<MRL,10.9,1.02,J,Not Reported,,,,ND,21.8,1.82,,Not Reported,,,,Not Reported,,,,ND,21.8,6.52,,Not Reported,,,,Not Reported,,,,Not Reported,,,,Not Reported,,,,,,,,,,,,,,,,,,,,
Weymouth Water Dpt,2/8/2021,Lagoon B Duplicate,,Alpha Analytical,2%,ng/g,ND,5.40,0.84,,26.10,10.80,0.49,,ND,10.80,3.31,,<MRL,5.40,1.45,J,ND,10.80,1.51,,ND,5.40,0.98,,ND,5.4,1.31,,ND,10.8,1.14,,<MRL,5.4,1.62,J,ND,10.8,4.42,,Not Reported,,,,<MRL,5.4,0.906,J,34.4,5.4,2.81,,<MRL,10.8,0.994,J,Not Reported,,,,<MRL,10.8,1.01,J,Not Reported,,,,ND,21.6,1.8,,Not Reported,,,,Not Reported,,,,ND,21.6,6.46,,Not Reported,,,,Not Reported,,,,Not Reported,,,,Not Reported,,,,,,,,,,,,,,,,,,,,
Weymouth Water Dpt,2/8/2021,Lagoon C Primary,,Alpha Analytical,18%,ng/g,ND,0.68,0.11,,<MRL,1.37,0.06,J,ND,1.37,0.42,,<MRL,0.68,0.18,J,ND,1.37,0.19,,ND,0.68,0.12,,ND,0.684,0.166,,ND,1.37,0.144,,<MRL,0.684,0.205,J,ND,1.37,0.56,,Not Reported,,,,<MRL,0.684,0.115,J,4.99,0.684,0.356,,<MRL,1.37,0.126,J,Not Reported,,,,<MRL,1.37,0.128,J,Not Reported,,,,ND,2.74,0.228,,Not Reported,,,,Not Reported,,,,ND,2.74,0.818,,Not Reported,,,,Not Reported,,,,Not Reported,,,,Not Reported,,,,,,,,,,,,,,,,,,,,
Weymouth Water Dpt,2/8/2021,Lagoon C Duplicatae,,Alpha Analytical,12%,ng/g,ND,1.02,0.16,,<MRL,2.04,0.09,J,ND,2.04,0.63,,<MRL,1.02,0.27,J,ND,2.04,0.29,,ND,1.02,0.18,,ND,1.02,0.247,,ND,2.04,0.214,,<MRL,1.02,0.306,J,ND,2.04,0.836,,Not Reported,,,,<MRL,1.02,0.171,JF,7.12,1.02,0.531,F,<MRL,2.04,0.188,J,Not Reported,,,,<MRL,2.04,0.191,J,Not Reported,,,,ND,4.09,0.341,,Not Reported,,,,Not Reported,,,,ND,4.09,1.22,,Not Reported,,,,Not Reported,,,,Not Reported,,,,Not Reported,,,,,,,,,,,,,,,,,,,,
Weymouth Water Dpt,4/14/2021,North Field Primary,L2119432-01,Alpha Analytical,6%,ng/g,ND,2.06,,,ND,4.12,,,ND,4.12,,,ND,2.06,,,ND,4.12,,,ND,2.06,,,ND,2.06,,,ND,4.12,,,ND,2.06,,,ND,4.12,,,Not Reported,,,,ND,2.06,,,3.48,2.06,,F,ND,4.12,,,,,,,ND,4.12,,,Not Reported,,,,ND,8.24,,,Not Reported,,,,Not Reported,,,,ND,8.24,,,Not Reported,,,,Not Reported,,,,Not Reported,,,,Not Reported,,,,,,,,,,,,,,,,,,,,
Weymouth Water Dpt,4/14/2021,North Field Duplicate,L2119432-02,Alpha Analytical,3%,ng/g,ND,3.64,,,ND,7.28,,,ND,7.28,,,ND,3.64,,,ND,7.28,,,ND,3.64,,,ND,3.64,,,ND,7.28,,,ND,3.64,,,ND,7.28,,,Not Reported,,,,ND,3.64,,,10.6,3.64,,F,ND,7.28,,,,,,,ND,7.28,,,Not Reported,,,,ND,14.6,,,Not Reported,,,,Not Reported,,,,ND,14.6,,,Not Reported,,,,Not Reported,,,,Not Reported,,,,Not Reported,,,,,,,,,,,,,,,,,,,,
Weymouth Water Dpt,7/22/2021,AJB NORTH,L2139756-01,Alpha Analytical,2%,ng/g,ND,5.66,,,ND,11.3,,,ND,11.3,,,ND,5.66,,,ND,11.3,,,ND,5.66,,,ND,5.66,,,ND,11.3,,,ND,5.66,,,ND,11.3,,,Not Reported,,,,ND,5.66,,,ND,5.66,,,ND,11.3,,,,,,,ND,11.3,,,Not Reported,,,,ND,22.6,,,Not Reported,,,,Not Reported,,,,ND,22.6,,,Not Reported,,,,Not Reported,,,,Not Reported,,,,Not Reported,,,,,,,,,,,,,,,,,,,,
Weymouth Water Dpt,7/22/2021,AJB NORTH FIELD DUPLICATE,L2139756-02,Alpha Analytical,2%,ng/g,ND,5.61,,,ND,11.2,,,ND,11.2,,,ND,5.61,,,ND,11.2,,,ND,5.61,,,ND,5.61,,,ND,11.2,,,ND,5.61,,,ND,11.2,,,Not Reported,,,,ND,5.61,,,ND,5.61,,,ND,11.2,,,,,,,ND,11.2,,,Not Reported,,,,ND,22.4,,,Not Reported,,,,Not Reported,,,,ND,22.4,,,Not Reported,,,,Not Reported,,,,Not Reported,,,,Not Reported,,,,,,,,,,,,,,,,,,,,
Rousselot,3/11/2021,A51145,L2112419-01,Alpha Analytical,7.43,ng/g,ND,1.65,,,ND,3.29,,,ND,3.29,,,ND,1.65,,,ND,3.29,,,ND,1.65,,,ND,1.65,,,ND,3.29,,,ND,1.65,,,ND,3.29,,,Not Reported,,,,1.83,1.65,,,7.89,1.65,,,ND,3.29,,,,,,,ND,3.29,,,Not Reported,,,,ND,6.59,,,Not Reported,,,,Not Reported,,,,ND,6.59,,,Not Reported,,,,Not Reported,,,,Not Reported,,,,Not Reported,,,,,,,,,,,,,,,,,,,,
Rousselot,3/11/2021,A51146,L2112419-02,Alpha Analytical,7.42,ng/g,ND,1.63,,,ND,3.26,,,ND,3.26,,,ND,1.63,,,ND,3.26,,,ND,1.63,,,ND,1.63,,,ND,3.26,,,ND,1.63,,,ND,3.26,,,Not Reported,,,,ND,1.63,,,5.23,1.63,,,ND,3.26,,,,,,,ND,3.26,,,Not Reported,,,,ND,6.52,,,Not Reported,,,,Not Reported,,,,ND,6.52,,,Not Reported,,,,Not Reported,,,,Not Reported,,,,Not Reported,,,,,,,,,,,,,,,,,,,,
Rousselot,3/11/2021,A51149,L2112419-03,Alpha Analytical,26,ng/g,ND,0.458,,,ND,0.916,,,ND,0.916,,,ND,0.458,,,ND,0.916,,,ND,0.458,,,1.65,0.458,,,ND,0.916,,,0.552,0.458,,,ND,0.916,,,Not Reported,,,,1.97,0.458,,,6.48,0.458,,,ND,0.916,,,,,,,ND,0.916,,,Not Reported,,,,ND,1.83,,,Not Reported,,,,Not Reported,,,,ND,1.83,,,Not Reported,,,,Not Reported,,,,Not Reported,,,,Not Reported,,,,,,,,,,,,,,,,,,,,
Rousselot,3/11/2021,A51151,L2112419-04,Alpha Analytical,25.5,ng/g,ND,0.474,,,ND,0.947,,,ND,0.947,,,ND,0.474,,,ND,0.947,,,0.516,0.474,,,2.32,0.474,,,ND,0.947,,,0.735,0.474,,,ND,0.947,,,Not Reported,,,,2.56,0.474,,,9.28,0.474,,,ND,0.947,,,,,,,ND,0.947,,,Not Reported,,,,ND,1.89,,,Not Reported,,,,Not Reported,,,,ND,1.89,,,Not Reported,,,,Not Reported,,,,Not Reported,,,,Not Reported,,,,,,,,,,,,,,,,,,,,
Rousselot,3/11/2021,A51157,L2112419-05,Alpha Analytical,22.4,ng/g,ND,0.537,,,ND,1.07,,,ND,1.07,,,ND,0.537,,,ND,1.07,,,ND,0.537,,,1.54,0.537,,,ND,1.07,,,ND,0.537,,,ND,1.07,,,Not Reported,,,,1.76,0.537,,,4.8,0.537,,,ND,1.07,,,,,,,ND,1.07,,,Not Reported,,,,ND,2.15,,,Not Reported,,,,Not Reported,,,,ND,2.15,,,Not Reported,,,,Not Reported,,,,Not Reported,,,,Not Reported,,,,,,,,,,,,,,,,,,,,
Rousselot,3/11/2021,A51158,L2112419-06,Alpha Analytical,21.6,ng/g,ND,0.571,,,ND,1.14,,,ND,1.14,,,ND,0.571,,,ND,1.14,,,ND,0.571,,,1.14,0.571,,,ND,1.14,,,ND,0.571,,,ND,1.14,,,Not Reported,,,,1.94,0.571,,,5.24,0.571,,,ND,1.14,,,,,,,ND,1.14,,,Not Reported,,,,ND,2.28,,,Not Reported,,,,Not Reported,,,,ND,2.28,,,Not Reported,,,,Not Reported,,,,Not Reported,,,,Not Reported,,,,,,,,,,,,,,,,,,,,
Rousselot,3/11/2021,A51160,L2112419-07,Alpha Analytical,100,ng/l,ND,1.81,,,ND,1.81,,,ND,1.81,,,ND,1.81,,,ND,1.81,,,ND,1.81,,,ND,1.81,,,ND,1.81,,,ND,1.81,,,ND,1.81,,,Not Reported,,,,ND,1.81,,,ND,1.81,,,ND,1.81,,,,,,,ND,1.81,,,Not Reported,,,,ND,1.81,,,Not Reported,,,,Not Reported,,,,ND,1.81,,,Not Reported,,,,Not Reported,,,,Not Reported,,,,Not Reported,,,,,,,,,,,,,,,,,,,,
Rousselot Peabody,5/12/2021,A52427,L2125069-01,AAL,3.5,ng/g,ND,3.48,,,ND,6.97,,,ND,6.97,,,ND,3.48,,,ND,6.97,,,ND,3.48,,,ND,3.48,,,ND,6.97,,,ND,3.48,,,ND,6.97,,,Not Reported,,,,ND,3.48,,,5.97,3.48,,,ND,6.97,,,,,,,ND,6.97,,,Not Reported,,,,ND,13.9,,,Not Reported,,,,Not Reported,,,,ND,13.9,,,Not Reported,,,,Not Reported,,,,Not Reported,,,,Not Reported,,,,,,,,,,,,,,,,,,,,
Rousselot Peabody,5/12/2021,A52428,L2125069-02,AAL,2.38,ng/g,ND,4.89,,,ND,9.78,,,ND,9.78,,,ND,4.89,,,ND,9.78,,,ND,4.89,,,ND,4.89,,,ND,9.78,,,ND,4.89,,,ND,9.78,,,Not Reported,,,,ND,4.89,,,10.1,4.89,,F,ND,9.78,,,,,,,ND,9.78,,,Not Reported,,,,ND,19.6,,,Not Reported,,,,Not Reported,,,,ND,19.6,,,Not Reported,,,,Not Reported,,,,Not Reported,,,,Not Reported,,,,,,,,,,,,,,,,,,,,
Rousselot Peabody,5/12/2021,A52429,L2125069-03,AAL,30.9,ng/g,ND,0.392,,,ND,0.784,,,1.14,0.784,,F,ND,0.392,,,ND,0.784,,,ND,0.392,,,1.18,0.392,,,ND,0.784,,,ND,0.392,,,ND,0.784,,,Not Reported,,,,1.04,0.392,,,5.54,0.392,,,ND,0.784,,,,,,,ND,0.784,,,Not Reported,,,,ND,1.57,,,Not Reported,,,,Not Reported,,,,ND,1.57,,,Not Reported,,,,Not Reported,,,,Not Reported,,,,Not Reported,,,,,,,,,,,,,,,,,,,,
Rousselot Peabody,5/12/2021,A52432,L2125069-04,AAL,30.5,ng/g,ND,0.394,,,ND,0.787,,,1.22,0.787,,F,ND,0.394,,,ND,0.787,,,ND,0.394,,,1.3,0.394,,,ND,0.787,,,0.406,0.394,,,ND,0.787,,,Not Reported,,,,1.15,0.394,,,6.39,0.394,,,ND,0.787,,,,,,,ND,0.787,,,Not Reported,,,,ND,1.57,,,Not Reported,,,,Not Reported,,,,ND,1.57,,,Not Reported,,,,Not Reported,,,,Not Reported,,,,Not Reported,,,,,,,,,,,,,,,,,,,,
Rousselot Peabody,5/12/2021,A52440,L2125069-05,AAL,17.2,ng/g,ND,0.706,,,ND,1.41,,,ND,1.41,,,ND,0.706,,,ND,1.41,,,ND,0.706,,,0.807,0.706,,,ND,1.41,,,ND,0.706,,,ND,1.41,,,Not Reported,,,,1.02,0.706,,,4.01,0.706,,,ND,1.41,,,,,,,ND,1.41,,,Not Reported,,,,ND,2.82,,,Not Reported,,,,Not Reported,,,,ND,2.82,,,Not Reported,,,,Not Reported,,,,Not Reported,,,,Not Reported,,,,,,,,,,,,,,,,,,,,
Rousselot Peabody,5/12/2021,A52441,L2125069-06,AAL,17.4,ng/g,ND,0.67,,,ND,1.34,,,ND,1.34,,,ND,0.67,,,ND,1.34,,,ND,0.67,,,ND,0.67,,,ND,1.34,,,ND,0.67,,,ND,1.34,,,Not Reported,,,,0.944,0.67,,,3.52,0.67,,,ND,1.34,,,,,,,ND,1.34,,,Not Reported,,,,ND,2.68,,,Not Reported,,,,Not Reported,,,,ND,2.68,,,Not Reported,,,,Not Reported,,,,Not Reported,,,,Not Reported,,,,,,,,,,,,,,,,,,,,
Hawk Ridge Compost Facility,3/2/2021,HRCF1-A,320-70746-1,Eurofins,30.9,ng/g,56.00,6.10,0.77,,32.00,6.10,0.86,,ND,6.10,1.20,,15,6.10,0.68,,4.9,6.10,2.10,J,7.10,6.10,0.89,,ND,6.10,0.95,,160.00,6.10,1.30,,3.80,6.10,1.10,J,ND,6.10,1.60,,Not Reported,,,,29.00,6.10,2.60,,38,16.00,6.30,B,22.00,6.10,2.40,,,,,,2.2,6.10,1.10,JI,Not Reported,,,,ND,6.10,0.61,,Not Reported,,,,Not Reported,,,,ND,6.10,0.61,,Not Reported,,,,Not Reported,,,,Not Reported,,,,Not Reported,,,,,,,,,,,,,,,,,,,,
Hawk Ridge Compost Facility,3/2/2021,HRCF1-B,320-70746-2,Eurofins,32.9,ng/g,52.00,5.70,0.71,F2,24.00,5.70,0.79,,ND,5.70,1.10,,17,5.70,0.62,F1,4.9,5.70,1.90,J,6.10,5.70,0.82,,0.97,5.70,0.88,J,140.00,5.70,1.20,,4.30,5.70,1.00,J,ND,5.70,1.40,F1,Not Reported,,,,26.00,5.70,2.40,,46,14.00,5.80,B,18.00,5.70,2.20,F1,,,,,2.9,5.70,1.00,JF1,Not Reported,,,,ND,5.70,0.57,F1,Not Reported,,,,Not Reported,,,,ND,5.70,0.57,F1,Not Reported,,,,Not Reported,,,,Not Reported,,,,Not Reported,,,,,,,,,,,,,,,,,,,,
RMI-RMF,3/31/2021,Primary,320-72296-1,"Eurofins TestAmerica, Sacramento", , ,ND,0.74,0.092, ,0.31,0.74,0.1,J,ND,0.74,0.14, ,3.8,0.74,0.081, ,1.2,0.74,0.25, ,0.8,0.74,0.11, ,ND,0.74,0.11, ,2.6,0.74,0.16, ,0.83,0.74,0.13, ,ND,0.74,0.19, ,Not Reported, , , ,3.8,0.74,0.32, ,5.3,1.8,0.74,I,0.86,0.74,0.28, ,Not Reported, , , ,1.2,0.74,0.13, ,Not Reported, , , ,ND,0.74,0.074, ,Not Reported, , , ,Not Reported, , , ,ND,0.74,0.074, ,Not Reported, , , ,Not Reported, , , ,Not Reported, , , ,Not Reported, , , ,,,,,,,,,,,,,,,,,
RMI-RMF,3/31/2021,Duplicate,320-72296-2,"Eurofins TestAmerica, Sacramento", , ,ND,0.61,0.076, ,0.25,0.61,0.085,J,0.24,0.61,0.12,J I,1.4,0.61,0.067, ,0.52,0.61,0.2,J,0.57,0.61,0.088,J,ND,0.61,0.094, ,2.2,0.61,0.13, ,0.44,0.61,0.11,J,ND,0.61,0.16, ,Not Reported, , , ,2.5,0.61,0.26, ,4.5,1.5,0.61,I,0.68,0.61,0.23, ,Not Reported, , , ,0.6,0.61,0.11,J I,Not Reported, , , ,ND,0.61,0.061, ,Not Reported, , , ,Not Reported, , , ,ND,0.61,0.061, ,Not Reported, , , ,Not Reported, , , ,Not Reported, , , ,Not Reported, , , ,,,,,,,,,,,,,,,,,
Taunton Water Treatment Facility,4/30/2021,Lagoon 2A/2B/2C Composite,L2120240,Alpha Analytical,0.2,,ND,0.53,,,5.08,1.05,,,ND,1.05,,,ND,0.53,,,ND,1.05,,,ND,0.53,,,ND,0.53,,,ND,1.05,,,ND,0.53,,,ND,1.05,,,Not Reported,,,,ND,0.53,,,ND,0.53,,,ND,1.05,,,,,,,ND,1.05,,,Not Reported,,,,ND,2.1,,,Not Reported,,,,Not Reported,,,,ND,2.1,,,Not Reported,,,,Not Reported,,,,Not Reported,,,,Not Reported,,,,,,,,,,,,,,,,,,,,
Tewksbury WTP,3/23/2021,TEWK-DPW-ST-001,L2114660-01,Alpha,41.6,ng/g,0.045,0.285,0.045,,0.034,0.570,0.026,J,0.174,0.570,0.174,,0.146,0.285,0.076,J,0.130,0.570,0.080,JF,0.058,0.285,0.051,J,0.069,0.285,0.069,,0.060,0.570,0.060,,0.145,0.285,0.086,J,0.233,0.570,0.233,,0.112,0.570,0.112,,0.198,0.285,0.048,J,0.841,0.285,0.148,F,0.060,0.570,0.053,J,0.075,0.570,0.062,J,0.175,0.570,0.053,J,0.074,1.14,0.074,,0.095,1.14,0.095,,0.205,0.570,0.205,,0.327,0.570,0.327,,0.341,1.140,0.341,,0.230,0.570,0.230,,0.481,0.570,0.096,JF,0.075,0.570,0.062,J,0.156,0.570,0.156,,,,,,,,,,,,,,,,,,
Tewksbury WTP,3/23/2021,TEWK-DPW-ST-002,L2114660-02,Alpha,35.2,ng/g,0.084,0.349,0.054,J,0.186,0.698,0.032,J,0.214,0.698,0.214,,0.144,0.349,0.094,J,0.116,0.698,0.098,JF,0.165,0.349,0.063,J,0.087,0.349,0.084,J,0.285,0.698,0.073,J,0.165,0.349,0.105,J,0.285,0.698,0.285,,0.137,0.698,0.137,,0.489,0.349,0.059,,0.912,0.349,0.181,,0.234,0.698,0.064,J,0.075,0.698,0.075,,0.184,0.698,0.065,J,0.090,1.40,0.090,,0.116,1.40,0.116,,0.250,0.698,0.25,,0.401,0.698,0.401,,0.417,1.400,0.417,,0.281,0.698,0.281,,0.769,0.698,0.118,,0.075,0.698,0.075,,0.19,0.698,0.19,,,,,,,,,,,,,,,,,,
Tewksbury WTP,3/23/2021,TEWK-DPW-ST-003,L2114660-03,Alpha,32.5,ng/g,0.060,0.382,0.060,,1.68,0.764,0.0358,,0.234,0.764,0.234,,0.108,0.382,0.102,J,0.107,0.764,0.107,,0.069,0.382,0.069,,0.092,0.382,0.092,,0.080,0.764,0.080,,0.114,0.382,0.114,,0.312,0.764,0.312,,0.150,0.764,0.150,,0.144,0.382,0.064,J,0.680,0.382,0.198,,0.070,0.764,0.070,,0.082,0.764,0.082,,0.173,0.764,0.072,J,0.099,1.53,0.099,,0.128,1.53,0.128,,0.274,0.764,0.274,,0.438,0.764,0.438,,0.456,1.530,0.456,,0.308,0.764,0.308,,0.187,0.764,0.129,J,0.082,0.764,0.082,,0.208,0.764,0.208,,,,,,,,,,,,,,,,,,
Tewksbury WTP,3/23/2021,TEWK-DPW-ST-004,L2114660-04,Alpha,32.9,ng/g,0.057,0.367,0.057,,1.69,0.734,0.033,,0.225,0.734,0.225,,0.367,0.367,0.098,,0.103,0.734,0.103,,0.066,0.367,0.066,,0.089,0.367,0.089,,0.077,0.734,0.077,,0.110,0.367,0.110,,0.300,0.734,0.300,,0.144,0.734,0.144,,0.145,0.367,0.062,J,0.690,0.367,0.191,F,0.033,0.734,0.033,,0.079,0.734,0.079,,0.181,0.734,0.069,J,0.095,1.47,0.095,,0.123,1.47,0.123,,0.264,0.734,0.264,,0.421,0.734,0.421,,0.439,1.470,0.439,,0.296,0.734,0.296,,0.124,0.734,0.124,,0.079,0.734,0.079,,0.2,0.734,0.2,,,,,,,,,,,,,,,,,,
Tewksbury WTP,3/23/2021,TEWK-DPW-ST-005,L2114660-05,Alpha,30,ng/g,0.062,0.400,0.062,,2.20,0.800,0.036,,0.245,0.800,0.245,,0.107,0.4,0.107,J,0.112,0.800,0.112,,0.072,0.4,0.072,,0.097,0.4,0.097,,0.084,0.800,0.084,,0.140,0.400,0.120,J,0.327,0.800,0.327,,0.157,0.800,0.157,,0.153,0.4,0.067,J,0.707,0.400,0.208,,0.036,0.800,0.036,,0.086,0.800,0.086,,0.182,0.800,0.075,J,0.103,1.60,0.103,,0.134,1.60,0.134,,0.287,0.800,0.287,,0.459,0.800,0.459,,0.478,1.600,0.478,,0.322,0.800,0.322,,0.217,0.800,0.135,J,0.086,0.800,0.086,,0.218,0.800,0.218,,,,,,,,,,,,,,,,,,
