CATEGORY,NAICS_CODE,NAICS_DESC,COMPANY_NAME,PRIMARY_ADDRESS,PRIMARY_CITY,PRIMARY_STATE,PRIMARY_ZIP10,SALUTATION,FIRST_NAME,LAST_NAME,PROFESSIONAL_TITLE,CONTACT_NAME,PHONE,WEB_SITE,LATITUDE,LONGITUDE
H,31332003,FABRIC COATING MILLS,HAARTZ CORP,87 HAYWARD RD,ACTON,MA,01720-3000,MR,ERIC R,HAARTZ,,ERIC R HAARTZ,9782642600,HAARTZ.COM,42481647,71458473
H,32222013,PAPER BAG & COATED & TREATED PAPER MANUFACTURING,NOT JUST BROWN BAGS,PO BOX 772,AGAWAM,MA,01001-0772,,,,,,4137862456,,42073696,72639686
H,32223005,STATIONERY PRODUCT MANUFACTURING,WWP RESOURCES,25 SYCAMORE TER,AGAWAM,MA,01001-3531,BRUCE,PRATT,S,M,BRUCE PRATT,4134786449,WWPRESOURCES.COM,42054428,72608764
H,31499908,ALL OTHER MISCELLANEOUS TEXTILE PRODUCT MILLS,HERITAGE FLAG CO INC,100 FRANKLIN ST,ALLSTON,MA,02134-1444,AMY,MACDONALD,S,F,AMY MACDONALD,6172693524,HERITAGEFLAG.COM,42359279,71133392
H,31331035,TEXTILE & FABRIC FINISHING MILLS,ROYCROFT ASSOCIATES,63 LOVEJOY RD,ANDOVER,MA,01810-4523,RICHARD,ROYCROFT,S,M,RICHARD ROYCROFT,9784704525,ROYCROFT.ORG,42639034,71175666
H,32222001,PAPER BAG & COATED & TREATED PAPER MANUFACTURING,SCHOLLE IPN PACKAGING INC,3000 MINUTEMAN RD,ANDOVER,MA,01810-1032,,,,,,7085627290,SCHOLLEIPN.COM,42694087,71219390
H,31499908,ALL OTHER MISCELLANEOUS TEXTILE PRODUCT MILLS,ARLINGTON BANNER & FLAG CO,110A MASSACHUSETTS AVE,ARLINGTON,MA,02474-8624,MICHELLE,TAP,S,F,MICHELLE TAP,7816460101,ARLINGTONBANNER.COM,42403224,71139289
H,31499921,ALL OTHER MISCELLANEOUS TEXTILE PRODUCT MILLS,LAURA'S SEWING SCHOOL,205 BROADWAY # A,ARLINGTON,MA,02474-5410,LAURA,WIRKKALA,S,F,LAURA WIRKKALA,7816462463,WIRKKALADESIGNS.COM,42412120,71144470
H,32221901,OTHER PAPERBOARD CONTAINER MANUFACTURING,WHITE PAPER BOX CO,15 MAIN ST,ATHOL,MA,01331-2107,DONALD,BACHELDER,S,M,DONALD BACHELDER,9782496026,,42592807,72238601
H,32221102,CORRUGATED & SOLID FIBER BOX MANUFACTURING,ABBOTT ACTION INC,3 VENUS WAY,ATTLEBORO,MA,02703-8149,MR,SAM,ABBOTT,,SAM ABBOTT,7818218200,ABBOTTACTION.COM,41901462,71338394
H,31499905,ALL OTHER MISCELLANEOUS TEXTILE PRODUCT MILLS,V H BLACKINTON & CO INC,PO BOX 1300,ATTLEBORO FALLS,MA,02763-0300,MR,PETER A,ROQUE,,PETER A ROQUE,5088094708,WWW2.BLACKINTON.COM,41980422,71299003
H,32223003,STATIONERY PRODUCT MANUFACTURING,WORCESTER ENVELOPE CO,PO BOX 406,AUBURN,MA,01501-0406,MR,ELDON D,POND III,,ELDON D POND III,5088325394,WORCESTERENVELOPE.COM,42199062,71827461
H,31324003,KNIT FABRIC MILLS,ALLEN BABITTS WORKROOM,339 AUBURN ST # 9,AUBURNDALE,MA,02466-1907,MR,SCOTT,BABITTS,,SCOTT BABITTS,6173327468,,42346458,71248550
H,32222001,PAPER BAG & COATED & TREATED PAPER MANUFACTURING,SEALED AIR CORP,100 WESTFORD RD,AYER,MA,01432-1534,MR,MATT,BLEAKLEY,,MATT BLEAKLEY,9787723200,SEALEDAIR.COM,42571685,71531028
H,31499915,ALL OTHER MISCELLANEOUS TEXTILE PRODUCT MILLS,BINDING STITCH,PO BOX 617,BARNSTABLE,MA,02630-0617,MARCIA,BROWN,S,F,MARCIA BROWN,5083626239,BINDINGSTITCH.COM,41703758,70315376
H,31322011,NARROW FABRIC MILLS & SCHIFFLI MACHINE EMBROIDERY,HARTY JOHN TOOLS,PO BOX 622,BARRE,MA,01005-0622,,,S,,,9783554052,,42467712,72089004
H,31331035,TEXTILE & FABRIC FINISHING MILLS,CUTTING EDGE TEXSTYLES LLC,4 PRESTON CT # 200,BEDFORD,MA,01730-2356,MR,JOSEPH H,GOLDMAN,,JOSEPH H GOLDMAN,7812710000,CETEXSTYLES.COM,42482791,71263877
H,32222001,PAPER BAG & COATED & TREATED PAPER MANUFACTURING,DANVER'S INDUSTRIAL PKGNG CORP,39 TOZER RD # 2,BEVERLY,MA,01915-5513,MR,CHUCK,THIBEAULT,,CHUCK THIBEAULT,9787770020,DANPACK.COM,42569614,70883872
H,31499908,ALL OTHER MISCELLANEOUS TEXTILE PRODUCT MILLS,HANNAH LORE FLAG CO,14 DAVIS ST,BEVERLY,MA,01915-5002,HANNELORE,MC CARTHY,S,F,HANNELORE MC CARTHY,9789226189,HANNAH-LOREFLAGCOMPANY.COM,42542144,70883331
H,32221907,OTHER PAPERBOARD CONTAINER MANUFACTURING,INTER-LINK PACKAGING SOLUTIONS,277 HALE ST,BEVERLY,MA,01915-2036,SUSANNE,WELDON,S,F,SUSANNE WELDON,9789212980,INTERLINKPKG.COM,42554122,70850837
H,31528006,OTHER CUT & SEW APPAREL MANUFACTURING,NEW ENGLAND LEATHER CO,54 W DANE ST # N,BEVERLY,MA,01915-4316,CHRISTOPHER,THOMSON,S,M,CHRISTOPHER THOMSON,9789274404,,42551452,70884605
H,31491013,TEXTILE BAG & CANVAS MILLS,PELLETIER AWNING CO,51 PARK ST,BEVERLY,MA,01915-4229,RON,MISHEL,S,M,RON MISHEL,9787454710,PELLETIERAWNING.COM,42549072,70884361
H,32222001,PAPER BAG & COATED & TREATED PAPER MANUFACTURING,TANDEM EQUIPMENT SALES INC,35 TOZER RD,BEVERLY,MA,01915-5513,DOROTHY D,O'NEILL,S,F,DOROTHY D O'NEILL,9789278745,TANDEM-ESD.NET,42570983,70883697
H,32521105,PLASTICS MATERIAL & RESIN MANUFACTURING,DOW CHEMICALS,104 GREEN RD,BOLTON,MA,01740-1027,,,,,,9786342027,DOW.COM,42451080,71627098
H,32223005,STATIONERY PRODUCT MANUFACTURING,48HOURPRINT.COM,33 FARNSWORTH ST # 2,BOSTON,MA,02210-1289,,,S,,,8008440599,48HOURPRINT.COM,42351596,71048042
H,31499908,ALL OTHER MISCELLANEOUS TEXTILE PRODUCT MILLS,BLUE FLAG PARTNERS,105 NEWBURY ST # 4,BOSTON,MA,02116-3047,,,S,,,6173149003,BLUEFLAGPARTNERS.COM,42351631,71075492
H,31321023,BROADWOVEN FABRIC MILLS,CITY OF BOSTON,1 CITY HALL AVE # 721,BOSTON,MA,02108-4309,MS,GINA,FINDACA,,GINA FINDACA,6176354680,BOSTON.GOV,42360950,71057792
H,31321010,BROADWOVEN FABRIC MILLS,DESIGNTEX INC,300 SUMMER ST # 14A,BOSTON,MA,02210-1113,,,,,,6174826660,DESIGNTEX.COM,42350021,71049224
H,31331020,TEXTILE & FABRIC FINISHING MILLS,DURALEE FABRICS LTD,1 DESIGN CENTER PL # 428,BOSTON,MA,02210-2349,MR,GARY,FISHER,,GARY FISHER,6174286991,DURALEE.COM,42344249,71032936
H,31321010,BROADWOVEN FABRIC MILLS,F SCHUMACHER & CO,1 DESIGN CENTER PL # 529,BOSTON,MA,02210-2349,MS,KATHERINE,KALAPINSKI,,KATHERINE KALAPINSKI,6174829165,,42344249,71032936
H,31499908,ALL OTHER MISCELLANEOUS TEXTILE PRODUCT MILLS,FAVERMANN DESIGN,16 ABERDEEN ST,BOSTON,MA,02215-3800,MARK,FAVERMANN,S,M,MARK FAVERMANN,6172471440,FAVERMANNDESIGN.COM,42346294,71103538
H,31411002,CARPET & RUG MILLS,HOKANSON CARPETS,1 DESIGN CENTER PL # 315,BOSTON,MA,02210-2325,DIANNE,OLMSTED,S,F,DIANNE OLMSTED,6173306730,,42344249,71032936
H,31321010,BROADWOVEN FABRIC MILLS,KRAVET FABRICS,1 DESIGN CENTER PL # 300,BOSTON,MA,02210-2325,MS,JENNIFER,DERY,,JENNIFER DERY,6173384615,,42344249,71032936
H,31321010,BROADWOVEN FABRIC MILLS,LEE JOFA,660 SUMMER ST,BOSTON,MA,02210-2310,MR,WILLIAM,ELINOFF,,WILLIAM ELINOFF,6174280370,LEEJOFA.COM,42345161,71038154
H,31331020,TEXTILE & FABRIC FINISHING MILLS,OSBORNE & LITTLE INC,1 DESIGN CENTER PL # 551,BOSTON,MA,02210-2398,MS,LYNETTE,POIRIER,,LYNETTE POIRIER,6177372927,OSBORNEANDLITTLE.COM,42344249,71032936
H,32221901,OTHER PAPERBOARD CONTAINER MANUFACTURING,PACKAGING TEAM,71 LINDEN ST,BOSTON,MA,02122-2906,JIM,GOLDMAN,S,M,JIM GOLDMAN,7815860041,THEPACKAGINGTEAM.COM,42305717,71060897
H,31331020,TEXTILE & FABRIC FINISHING MILLS,ROBERT ALLEN/BEACON HILL,1 DESIGN CENTER PL # 200,BOSTON,MA,02210-2325,MR,JUDE,PAYNE,,JUDE PAYNE,6174826600,ROBERTALLENDESIGN.COM,42344249,71032936
H,31522017,MEN'S & BOY'S CUT & SEW APPAREL MANUFACTURING,SORDILLO S CSTM MADE TAILORING,222 CLARENDON ST,BOSTON,MA,02116-3709,CARMINE,SORDILLO,S,M,CARMINE SORDILLO,6173690190,,42351264,71075706
H,31411002,CARPET & RUG MILLS,STARK CARPET CORP,1 DESIGN CENTER PL # 100,BOSTON,MA,02210-2504,MR,ROBERT,BARSHAW,,ROBERT BARSHAW,6173575525,STARKCARPET.COM,42344249,71032936
H,31528014,OTHER CUT & SEW APPAREL MANUFACTURING,STERLINGWEAR OF BOSTON INC,175 WILLIAM F MCCLELLAN HWY #7,BOSTON,MA,02128-1196,MR,FRANK,FREDELLA,,FRANK FREDELLA,6175670702,,42386062,71016242
H,31519003,OTHER APPAREL KNITTING MILLS,THIRD PIECE,631 TREMONT ST #1,BOSTON,MA,02118-1266,JALEESA,JONES,S,F,JALEESA JONES,7819835178,THIRDPIECE.COM,42342498,71074951
H,31499924,ALL OTHER MISCELLANEOUS TEXTILE PRODUCT MILLS,TOP TEXTILE TRADING INC,9 INDEPENDENCE AVE # 103,BRAINTREE,MA,02184-1784,PHILIP,TAM,S,M,PHILIP TAM,,,42192573,70975181
H,32521102,PLASTICS MATERIAL & RESIN MANUFACTURING,NOVOLAC EPOXY TECHNOLOGIES INC,262 SATUCKET RD,BREWSTER,MA,02631-2226,MR,JORDAN E,FOWLER,,JORDAN E FOWLER,,,41730823,70132926
H,32521103,PLASTICS MATERIAL & RESIN MANUFACTURING,FIBERTEC INC,35 SCOTLAND BLVD,BRIDGEWATER,MA,02324-2302,MR,DARREN,LAVOIE,,DARREN LAVOIE,5086975100,FIBERTECINC.COM,41975463,71006050
H,31324005,KNIT FABRIC MILLS,BOSTON CANNONS,20 GUEST ST,BRIGHTON,MA,02135-2040,,,S,,,6177469933,CANNONS.MAJORLEAGUELACROSSE.COM,42357658,71147010
H,32222017,PAPER BAG & COATED & TREATED PAPER MANUFACTURING,DON SCHOENFISCH DISCOUNT,108 FOREST AVE,BROCKTON,MA,02301-5910,,,S,,,5088959400,,42072132,71023590
H,31499924,ALL OTHER MISCELLANEOUS TEXTILE PRODUCT MILLS,PRECISION TEXTILE COLOR INC,244 LIBERTY ST # 4,BROCKTON,MA,02301-5561,MARY,VIGEANT,S,F,MARY VIGEANT,5088976620,SOPHICOLOR.COM,42051853,71059562
H,31332003,FABRIC COATING MILLS,COSMO,PO BOX 737,BYFIELD,MA,01922-0737,MR,JOSHUA,VANDERNOOT,,JOSHUA VANDERNOOT,9784627311,COSMOFABRIC.NET,42757633,70945037
H,31499921,ALL OTHER MISCELLANEOUS TEXTILE PRODUCT MILLS,CHELSEA SEWING,89 BLANCHARD RD,CAMBRIDGE,MA,02138-1004,,,S,,,6174976668,,42394378,71157371
H,32222017,PAPER BAG & COATED & TREATED PAPER MANUFACTURING,COURIERWARE,24 PLEASANT ST,CAMBRIDGE,MA,02139-3762,ERIC,TRURAN,S,M,ERIC TRURAN,6178762300,COURIERBAGS.COM,42364894,71106948
H,32521105,PLASTICS MATERIAL & RESIN MANUFACTURING,LIQUIGLIDE,1 KENDALL SQ # B2006A,CAMBRIDGE,MA,02139-1513,MR,DAVID,SMITH,,DAVID SMITH,6177144585,LIQUIGLIDE.COM,42366336,71091896
H,32521102,PLASTICS MATERIAL & RESIN MANUFACTURING,N TWELVE TECHNOLOGIES,85 BOLTON ST,CAMBRIDGE,MA,02140-3366,MR,CARLOS,NUNEZ,,CARLOS NUNEZ,6177143332,N12TECHNOLOGIES.COM,42389968,71130447
H,31331038,TEXTILE & FABRIC FINISHING MILLS,DAWSON-FORTE CASHMERE,40 SHAWMUT RD # 200,CANTON,MA,02021-1409,ANDREW,BARTMESS,S,M,ANDREW BARTMESS,7814670170,DAWSONFORTE.COM,42189720,71151138
H,31323002,NONWOVEN FABRIC MILLS,DRAPER KNITTING CO INC,28 DRAPER LN # 1,CANTON,MA,02021-1598,MS,KRISTIN L,DRAPER,,KRISTIN L DRAPER,7815750050,DRAPERKNITTING.COM,42173271,71142097
H,32522004,ARTIFICIAL & SYNTHETIC FIBERS & FILAMENTS MFG,ORGANOGENESIS INC,150 DAN RD # 3,CANTON,MA,02021-2820,MR,GEOFF,MACKAY,,GEOFF MACKAY,7815750775,ORGANOGENESIS.COM,42155731,71118370
H,31324003,KNIT FABRIC MILLS,VER-TEX CONSTRUCTION SPEC,45 DAN RD # 350,CANTON,MA,02021-2874,MR,MATTHEW,GOODWIN,,MATTHEW GOODWIN,7818210858,,42160140,71113983
H,31491017,TEXTILE BAG & CANVAS MILLS,SQUETEAGUE SAILMAKERS,PO BOX 517,CATAUMET,MA,02534-0517,MARK,DANIELS,S,M,MARK DANIELS,5085633080,SQUETEAGUESAILMAKERS.COM,41666080,70613914
H,31499908,ALL OTHER MISCELLANEOUS TEXTILE PRODUCT MILLS,FLAGMAN STORE,1480 FALMOUTH RD # 2,CENTERVILLE,MA,02632-2953,TIMOTHY,LOS,S,M,TIMOTHY LOS,5087757270,FLAGMANSPORTSSTORE.COM,41657409,70342124
H,32222001,PAPER BAG & COATED & TREATED PAPER MANUFACTURING,CHARLESTOWN SELF STORAGE,50 TERMINAL ST # 10,CHARLESTOWN,MA,02129-1973,DON,PIZZUTTI,S,M,DON PIZZUTTI,6172415550,CHARLESTOWNSELFSTORAGE.COM,42383338,71059852
H,31324004,KNIT FABRIC MILLS,A GREAT YARN,894 MAIN ST,CHATHAM,MA,02633-2740,,,S,,,5083485605,AGREATYARN.COM,41686180,69968734
H,32221904,OTHER PAPERBOARD CONTAINER MANUFACTURING,J W DUBIS & SONS,79 STONY HILL RD,CHATHAM,MA,02633-1958,MR,ROBERT G,DUBIS,,ROBERT G DUBIS,5089450283,JWDUBIS.COM,41694087,69964851
H,31321023,BROADWOVEN FABRIC MILLS,P & L FINANCIAL CO,6 BOSTON RD # 203A,CHELMSFORD,MA,01824-3075,PAUL,GOLDBERG,S,M,PAUL GOLDBERG,9787103583,PLFINCO.COM,42595767,71351249
H,31311010,FIBER YARN & THREAD MILLS,SHIVJI THREADING INC,37 GLEN AVE # 6,CHELMSFORD,MA,01824-2871,MS,GIRISHKUMAR,PATEL,,GIRISHKUMAR PATEL,,,42608921,71329261
H,32222015,PAPER BAG & COATED & TREATED PAPER MANUFACTURING,CORMAN BAG CO,32 ARLINGTON ST,CHELSEA,MA,02150-1823,MS,JULIE,CORMAN,,JULIE CORMAN,6178847600,CORMANBAG.COM,42391632,71042037
H,32229909,ALL OTHER CONVERTED PAPER PRODUCT MANUFACTURING,CARAUSTAR INDUSTRIES,70 BETTER WAY,CHICOPEE,MA,01022-2118,WAYNE,KELCH,S,M,WAYNE KELCH,4135939700,CARAUSTAR.COM,42203746,72554008
H,32221102,CORRUGATED & SOLID FIBER BOX MANUFACTURING,COMMONWEALTH PACKAGING CORP,PO BOX 329,CHICOPEE,MA,01021-0329,MR,JOSEPH,GOSSELIN,,JOSEPH GOSSELIN,4135931482,CARTONS.COM,42184936,72555381
H,32521102,PLASTICS MATERIAL & RESIN MANUFACTURING,CORDERO EPOXY OVERLAYS,91 PROVIDENCE ST,CHICOPEE,MA,01020-1154,MR,FELIX,CORDERO,,FELIX CORDERO,,,42172828,72602432
H,31499921,ALL OTHER MISCELLANEOUS TEXTILE PRODUCT MILLS,HEMS EXPRESS-N-MORE SEWING,291 FRONT ST # R,CHICOPEE,MA,01013-2606,AMY,QUINTEROS,S,F,AMY QUINTEROS,,,42148738,72605407
H,32521105,PLASTICS MATERIAL & RESIN MANUFACTURING,POLY ONE CORP,370 GROVE ST,CHICOPEE,MA,01020-1844,,,,,,4409301018,POLYONE.COM,42149486,72580825
H,31499908,ALL OTHER MISCELLANEOUS TEXTILE PRODUCT MILLS,SIGN TECHNIQUES,PO BOX 237,CHICOPEE,MA,01021-0237,MR,ZEKE,LEMANSKI,,ZEKE LEMANSKI,4135948886,SIGNTECHNIQUES.NET,42170726,72623413
H,32521105,PLASTICS MATERIAL & RESIN MANUFACTURING,CHROMA COLOR CORP,179 WOODLAWN ST,CLINTON,MA,01510-1831,MR,ANDREW E,SMITH,,ANDREW E SMITH,9783657335,CHROMACOLORS.COM,42418640,71696617
H,31331014,TEXTILE & FABRIC FINISHING MILLS,NYLCO PRODUCTS INC,530 MAIN ST,CLINTON,MA,01510-2412,MR,ERIC,BOYCE,,ERIC BOYCE,9783656345,WORTHENIND.COM,42417392,71689819
H,31499908,ALL OTHER MISCELLANEOUS TEXTILE PRODUCT MILLS,US FLAG MFG INC,1 PLEASANT ST # 5,COHASSET,MA,02025-1714,MR,WALLACE,ST JOHN,,WALLACE ST JOHN,7813836607,USFLAGMFG.COM,42240631,70804244
H,32222001,PAPER BAG & COATED & TREATED PAPER MANUFACTURING,DANVERS INDUSTRIAL PKGNG CORP,20 CHERRY HILL DR,DANVERS,MA,01923-2575,,,,,,9787770020,DANPACK.COM,42576961,70917587
H,31491017,TEXTILE BAG & CANVAS MILLS,DOWNS SAILS,57 N PUTNAM ST,DANVERS,MA,01923-2081,ROY,DOWNS,S,M,ROY DOWNS,9787508140,,42568023,70940162
H,32221901,OTHER PAPERBOARD CONTAINER MANUFACTURING,FRIEND BOX CO,90 HIGH ST,DANVERS,MA,01923-3196,MR,TRACE,WALKER,,TRACE WALKER,9787740240,FRIENDBOX.COM,42560703,70930496
H,32222013,PAPER BAG & COATED & TREATED PAPER MANUFACTURING,J & S PACKAGING,14 BASSWOOD AVE,DARTMOUTH,MA,02747-3708,,,S,,,5089946748,,41623527,70962493
H,31522013,MEN'S & BOY'S CUT & SEW APPAREL MANUFACTURING,CARHARTT INC,552 LEGACY PL,DEDHAM,MA,02026-6833,MARCO,CABRILLANA,S,M,MARCO CABRILLANA,3392040260,CARHARTT.COM,42230800,71177696
H,31499908,ALL OTHER MISCELLANEOUS TEXTILE PRODUCT MILLS,BOATHOUSE FLAG & FLAGPOLE INC,40 EASY ST,DENNIS PORT,MA,02639-2032,CHRISTA ANN,RICHARDSON,S,F,CHRISTA ANN RICHARDSON,,,41659423,70139915
H,32221901,OTHER PAPERBOARD CONTAINER MANUFACTURING,WESTROCK,51 INDEPENDENCE DR,DEVENS,MA,01434-5215,MR,ANDREW,WOOD,,ANDREW WOOD,9787725050,WESTROCK.COM,42547096,71599494
H,31499921,ALL OTHER MISCELLANEOUS TEXTILE PRODUCT MILLS,T & M SEWING CO,426 ADAMS ST,DORCHESTER,MA,02122-1103,,,S,,,6179294448,,42294769,71056167
H,32222002,PAPER BAG & COATED & TREATED PAPER MANUFACTURING,UNIVERSAL TAG INC,PO BOX 1518,DUDLEY,MA,01571-1518,MR,A ROBERT,MANDEVILLE,,A ROBERT MANDEVILLE,5089492411,UNIVERSALTAG.COM,42035549,71923599
H,31331033,TEXTILE & FABRIC FINISHING MILLS,MAJTEX INC,191 BOLAS RD,DUXBURY,MA,02332-3536,PETER,SULLIVAN,S,M,PETER SULLIVAN,7815855520,,42043506,70732810
H,31491017,TEXTILE BAG & CANVAS MILLS,OCEAN DESIGNS,11 TRADESMAN CIR,EAST FALMOUTH,MA,02536-4449,CHERYL P,ARCHER,S,F,CHERYL P ARCHER,7742551481,,41613632,70600036
H,31321010,BROADWOVEN FABRIC MILLS,F W SCHUMACHER CO INC,36 SPRING HILL RD,EAST SANDWICH,MA,02537-1068,DONALD,ALLEN,S,M,DONALD ALLEN,5088880659,TREESHRUBSEEDS.COM,41749885,70466926
H,31331017,TEXTILE & FABRIC FINISHING MILLS,FRANK'S CUSTOM DRAPERIES,PO BOX 634,EAST TAUNTON,MA,02718-0634,MR,FRANK,CAMPOS,,FRANK CAMPOS,5088281712,FRANKSCUSTOMDRAPERIES.COM,41885623,71029151
H,31323001,NONWOVEN FABRIC MILLS,NATIONAL NONWOVENS,PO BOX 150,EASTHAMPTON,MA,01027-0150,MR,ANTHONY J,CENTOFANTI,,ANTHONY J CENTOFANTI,4135271073,NATIONALNONWOVENS.COM,42271141,72666061
H,31331020,TEXTILE & FABRIC FINISHING MILLS,SPECIALTY FABRICS,29 BELCHER ST,ESSEX,MA,01929-1053,,,S,,,9787686986,,42635841,70794288
H,32222017,PAPER BAG & COATED & TREATED PAPER MANUFACTURING,LOW PRICE DISTRIBUTION,168 BEACHAM ST,EVERETT,MA,02149-5527,MR,TOM,CHUNG,,TOM CHUNG,6173819188,LOWPRICEDISTRIBUTION.COM,42394680,71056343
H,32222002,PAPER BAG & COATED & TREATED PAPER MANUFACTURING,QSX LABELS,PO BOX 490100,EVERETT,MA,02149-0002,MS,JESSICA,KING,,JESSICA KING,6173897570,QSXLABELS.COM,42407253,71056129
H,32522006,ARTIFICIAL & SYNTHETIC FIBERS & FILAMENTS MFG,CRS,9 EDDY ST,FAIRHAVEN,MA,02719-4901,SCOTT,DUPUIS,S,M,SCOTT DUPUIS,5089931449,,41644470,70875778
H,31491013,TEXTILE BAG & CANVAS MILLS,MOBY DICK SPECIALTIES,10 PEQUOD RD,FAIRHAVEN,MA,02719-4736,STELLA,PIVA,S,F,STELLA PIVA,5089945024,,41649658,70888999
H,31311010,FIBER YARN & THREAD MILLS,NEW BEDFORD THREAD CO INC,10 HOWLAND RD,FAIRHAVEN,MA,02719-3453,MR,BRUCE,PLANTE,,BRUCE PLANTE,5089968584,NEWBEDFORDTHREAD.COM,41656612,70914337
H,31331035,TEXTILE & FABRIC FINISHING MILLS,ANMHE LLC,951 BROADWAY,FALL RIVER,MA,02724-2769,,,,,,7743575914,,41688518,71171432
H,31499921,ALL OTHER MISCELLANEOUS TEXTILE PRODUCT MILLS,BC & J MFG INC,502 BEDFORD ST # 11,FALL RIVER,MA,02720-4844,,,,,,5086788520,BCJMFG.COM,41701530,71145828
H,31331032,TEXTILE & FABRIC FINISHING MILLS,BRAND OPPENHEIMER,635 JEFFERSON ST,FALL RIVER,MA,02721-4926,,,,,,7742944039,,41677505,71146629
H,31491017,TEXTILE BAG & CANVAS MILLS,CONTENDER US,54 FRONT ST,FALL RIVER,MA,02721-4399,DUNCAN M,SKINNER,S,M,DUNCAN M SKINNER,5086747700,CONTENDERUS.COM,41697494,71146133
H,32221905,OTHER PAPERBOARD CONTAINER MANUFACTURING,JACKSON CO INC,767 AIRPORT RD,FALL RIVER,MA,02720-4794,MR,JASON,VIGORITA,,JASON VIGORITA,5086795256,,41746391,71112434
H,31528012,OTHER CUT & SEW APPAREL MANUFACTURING,KELLSPORT PRODUCTS INC,22 BOOMER ST,FALL RIVER,MA,02720-2714,ROBERT B,SMITH,S,M,ROBERT B SMITH,5086761455,FLUIDFILM.CO,41716770,71153259
H,31499930,ALL OTHER MISCELLANEOUS TEXTILE PRODUCT MILLS,KLEAR VU CORP,600 AIRPORT RD,FALL RIVER,MA,02720-4735,MR,ROBERT W,COOPER,,ROBERT W COOPER,5086745723,,41748847,71114280
H,31412001,CURTAIN & LINEN MILLS,KLEAR-VU CORP,135 ALDEN ST,FALL RIVER,MA,02723-1801,PAUL,LEMELIN,S,M,PAUL LEMELIN,5086745723,,41688632,71135917
H,31331035,TEXTILE & FABRIC FINISHING MILLS,LCH DESIGNS & FIREFLY FABRICS,385 PLEASANT ST,FALL RIVER,MA,02721-3024,,,,,,5086746799,,41699108,71148994
H,31499930,ALL OTHER MISCELLANEOUS TEXTILE PRODUCT MILLS,MATOUK FACTORY STORE,925 AIRPORT RD,FALL RIVER,MA,02720-4724,MR,JAMES,MEIZOSO,,JAMES MEIZOSO,5087421500,MATOUK.COM,41746284,71109977
H,31499924,ALL OTHER MISCELLANEOUS TEXTILE PRODUCT MILLS,MATOUK TEXTILE WORKS INC,925 AIRPORT RD,FALL RIVER,MA,02720-4724,GEORGE,MATOUK,S,M,GEORGE MATOUK,5089973444,MATOUK.COM,41746284,71109977
H,31322004,NARROW FABRIC MILLS & SCHIFFLI MACHINE EMBROIDERY,NORBUT MANUFACTURING CO INC,994 JEFFERSON ST # 13,FALL RIVER,MA,02721-4823,SCOTT,SILVERMAN,S,M,SCOTT SILVERMAN,5086785159,NORBUTMFG.COM,41672771,71146308
H,31321008,BROADWOVEN FABRIC MILLS,PILLOWS PLUS,104 ANAWAN ST,FALL RIVER,MA,02721-1521,MR,WILLIAM,BURKHARDT,,WILLIAM BURKHARDT,5086756077,,41702838,71161621
H,31324003,KNIT FABRIC MILLS,SUPERIOR MANUFACTURING CORP,1 ACE ST # 12,FALL RIVER,MA,02720-1355,KENNETH A,SOARES,S,M,KENNETH A SOARES,5086770100,SUPERIORTRAILER.COM,41726280,71145820
H,31528006,OTHER CUT & SEW APPAREL MANUFACTURING,VANSON LEATHERS INC,951 BROADWAY # 1,FALL RIVER,MA,02724-2769,MR,MICHAEL VAN,DER SLEESEN,,MICHAEL VAN DER SLEESEN,5086782000,VANSONLEATHERS.COM,41688518,71171432
H,32221901,OTHER PAPERBOARD CONTAINER MANUFACTURING,NOT JUST BROWN BAGS,511 SPRINGFIELD ST,FEEDING HILLS,MA,01030-2163,,,S,,,4137862456,,42081142,72645858
H,32221201,FOLDING PAPERBOARD BOX MANUFACTURING,BOUTWELL OWENS CO,251 AUTHORITY DR,FITCHBURG,MA,01420-6044,MR,WARD W,MC LAUGHLIN,,WARD W MC LAUGHLIN,9783433067,,42552375,71854652
H,32229909,ALL OTHER CONVERTED PAPER PRODUCT MANUFACTURING,CARAUSTAR INDUSTRIES,100 NEWARK AVE,FITCHBURG,MA,01420-4637,MS,DANA,PELLETIER,,DANA PELLETIER,9786652600,NEWARKGROUP.COM,42562614,71851646
H,31499921,ALL OTHER MISCELLANEOUS TEXTILE PRODUCT MILLS,IN STITCHES,155 WESTMINSTER ST,FITCHBURG,MA,01420-3728,KATHLEEN V,DUNBAR,S,F,KATHLEEN V DUNBAR,9783423373,,42573612,71837631
H,31499905,ALL OTHER MISCELLANEOUS TEXTILE PRODUCT MILLS,AUTOMATED EMBLEM SUPPLIES INC,61 GREEN ST,FOXBORO,MA,02035-2865,MR,EVAN,BRASTOW,,EVAN BRASTOW,5085436511,AUTOMATEDEMBLEM.COM,42030418,71262542
H,32229102,SANITARY PAPER PRODUCT MANUFACTURING,KIMBERLY-CLARK,2 HAMPSHIRE ST # 103,FOXBORO,MA,02035-2997,MS,SHERRY,ZENG,,SHERRY ZENG,5085201328,KIMBERLY-CLARK.COM,42029838,71250679
H,31331020,TEXTILE & FABRIC FINISHING MILLS,ROBERT ALLEN GROUP INC,2 HAMPSHIRE ST # 3A,FOXBORO,MA,02035-2950,MR,RON,CORDOVER,,RON CORDOVER,5083399151,ROBERTALLENDESIGN.COM,42029838,71250679
H,31491013,TEXTILE BAG & CANVAS MILLS,ADOLPH'S AUTO TOP INC,16 MICHAEL RD,FRAMINGHAM,MA,01701-7648,AL,TUTLYS,S,M,AL TUTLYS,5086553177,,42332969,71404083
H,31331030,TEXTILE & FABRIC FINISHING MILLS,BLUESPEC INC,3 SPEEN ST # 100,FRAMINGHAM,MA,01701-4658,MR,CHARLIE,HAUCK,,CHARLIE HAUCK,5088613539,,42311088,71390220
H,31491013,TEXTILE BAG & CANVAS MILLS,LEVEILLE UPHOLSTERING CO,499 CONCORD ST,FRAMINGHAM,MA,01702-6440,BRIAN,LEVEILLE,S,M,BRIAN LEVEILLE,5088755875,,42289459,71408950
H,31499908,ALL OTHER MISCELLANEOUS TEXTILE PRODUCT MILLS,FRANKLIN FLAGS,480 UNION ST,FRANKLIN,MA,02038-2490,MR,BOB,PRES,,BOB PRES,5084989825,FRANKLINFLAGS.COM,42071899,71402015
H,31331035,TEXTILE & FABRIC FINISHING MILLS,MASS KNIT & BRAID CORP,70 LEWIS ST,FRANKLIN,MA,02038-1429,MS,JEAN,DI ROSARIO,,JEAN DI ROSARIO,5085284000,,42077041,71384414
H,32221102,CORRUGATED & SOLID FIBER BOX MANUFACTURING,NEW ENGLAND WOODEN WARE CORP,205 SCHOOL ST # 201,GARDNER,MA,01440-2781,MS,JODI,WOMBLE,,JODI WOMBLE,9786323600,NEWWPKG.COM,42573837,71986389
H,32521105,PLASTICS MATERIAL & RESIN MANUFACTURING,POLY ONE CORP,137 PINEWOOD DR,GARDNER,MA,01440-3142,,,,,,4409301018,POLYONE.COM,42561519,71994819
H,32521105,PLASTICS MATERIAL & RESIN MANUFACTURING,RAW MATERIAL RECOVERY,461 W BROADWAY,GARDNER,MA,01440-4805,MR,DICK,PELOQUIN,,DICK PELOQUIN,9787981279,RAWMATREC.COM,42564895,71998550
H,31332004,FABRIC COATING MILLS,HOOD COATINGS,70 SEARLE ST,GEORGETOWN,MA,01833-2299,MR,WILLIAM P,HOOD,,WILLIAM P HOOD,9783528686,HOODCOATINGS.COM,42724205,70963150
H,31499921,ALL OTHER MISCELLANEOUS TEXTILE PRODUCT MILLS,LE BLANC CO,129 JEWETT ST,GEORGETOWN,MA,01833-1833,MR,ANDREW J,LE BLANC,,ANDREW J LE BLANC,9783527500,ANDREWLEBLANCCOMPANY.COM,42732654,70949295
H,32521105,PLASTICS MATERIAL & RESIN MANUFACTURING,POLY ONE CORP,82 NORTH ST,GEORGETOWN,MA,01833-1629,,,,,,4409301018,POLYONE.COM,42729049,70988288
H,31332003,FABRIC COATING MILLS,GILBERTVILLE STORAGE INC,PO BOX 37,GILBERTVILLE,MA,01031-0037,MR,DAVID W,SALEM,,DAVID W SALEM,4134776600,,42306098,72212295
H,31491017,TEXTILE BAG & CANVAS MILLS,BEVINS SAILMAKERS,16 ROGERS ST,GLOUCESTER,MA,01930-5031,JOSHUA,BEVINS,S,M,JOSHUA BEVINS,9782811247,BEVINSSAILMAKERS.COM,42611747,70665069
H,31331017,TEXTILE & FABRIC FINISHING MILLS,MRV EXCLUSIVES,27 LEXINGTON AVE,GLOUCESTER,MA,01930-3932,MS,MICHELLE,ROSSI-VOORHEES,,MICHELLE ROSSI-VOORHEES,9785268789,,42575851,70712341
H,31491013,TEXTILE BAG & CANVAS MILLS,OLD TAR CANVAS,29 FERRY ST,GLOUCESTER,MA,01930-4834,SUE,PHILHOWER,S,F,SUE PHILHOWER,9784739835,,42625938,70683296
H,31499931,ALL OTHER MISCELLANEOUS TEXTILE PRODUCT MILLS,INTERALL,25 W STATE ST,GRANBY,MA,01033-9467,MR,PHILIP,CAOLO,,PHILIP CAOLO,4134677184,INTER-ALL.COM,42242710,72552589
H,31499921,ALL OTHER MISCELLANEOUS TEXTILE PRODUCT MILLS,BARNUM'S SEWING,915 MAIN ST,GREAT BARRINGTON,MA,01230-2028,,,S,,,4135280812,,42174278,73362030
H,32521107,PLASTICS MATERIAL & RESIN MANUFACTURING,SCHWEITZER-MAUDUIT INTL INC,53 SILVIO O CONTE DR,GREENFIELD,MA,01301-1382,MR,MIKE,MOSHER,,MIKE MOSHER,4137722564,SWMINTL.COM,42618762,72567855
H,31499921,ALL OTHER MISCELLANEOUS TEXTILE PRODUCT MILLS,ALL SEWN UP,217 MIDDLE ST,HADLEY,MA,01035-9412,,,S,,,,,42331287,72589431
H,32521105,PLASTICS MATERIAL & RESIN MANUFACTURING,HAPCO INC,353 CIRCUIT ST,HANOVER,MA,02339-2018,MR,FRED,DESIMONE,,FRED DESIMONE,7818268801,HAPCOINCORPORATED.COM,42108776,70868499
H,31332004,FABRIC COATING MILLS,DELA INC,PO BOX 8235,HAVERHILL,MA,01835-0735,MR,CHARLIE,ABRAHAMS,,CHARLIE ABRAHAMS,9783720358,DELAQUALITY.COM,42760597,71117935
H,32221904,OTHER PAPERBOARD CONTAINER MANUFACTURING,JAMIE'S TRASH REMOVAL,37 STEVENS ST,HAVERHILL,MA,01830-4819,JAMES,LA BELLE,S,M,JAMES LA BELLE,9783736797,,42779052,71088348
H,32221102,CORRUGATED & SOLID FIBER BOX MANUFACTURING,KERRIGAN PAPER PRODUCTS INC,PO BOX 510,HAVERHILL,MA,01831-1310,MR,WILLIAM,LAW,,WILLIAM LAW,9783744797,,42758975,71093826
H,32221901,OTHER PAPERBOARD CONTAINER MANUFACTURING,QUALITY CARTON & CONVERTING,175 WARD HILL AVE # 4,HAVERHILL,MA,01835-6943,SHERI,CURRY,S,F,SHERI CURRY,9785565008,,42760597,71117935
H,31522017,MEN'S & BOY'S CUT & SEW APPAREL MANUFACTURING,SOUTHWICK CLOTHING LLC,25 COMPUTER DR,HAVERHILL,MA,01832-1236,MR,JOHN,MARTYNEC,,JOHN MARTYNEC,9786863833,SOUTHWICK.COM,42786617,71116889
H,32222001,PAPER BAG & COATED & TREATED PAPER MANUFACTURING,UFP TECHNOLOGIES,175 WARD HILL AVE,HAVERHILL,MA,01835-6960,MR,BRIAN,WATSON,,BRIAN WATSON,9783732336,UFPT.COM,42760597,71117935
H,31331005,TEXTILE & FABRIC FINISHING MILLS,C W FIFIELD JR CO INC,72 SHARP ST # C4,HINGHAM,MA,02043-4330,MR,EDWIN,MARTIN,,EDWIN MARTIN,7813357060,FIFIELDFABRICS.COM,42164928,70921119
H,31331035,TEXTILE & FABRIC FINISHING MILLS,CRAIG TEXTILES,1 POND PARK RD # 3,HINGHAM,MA,02043-4100,MR,CRAIG,WOLFE,,CRAIG WOLFE,7815565447,CRAIGTEXTILES.COM,42176773,70921020
H,31331035,TEXTILE & FABRIC FINISHING MILLS,FIFIELD,72 SHARP ST # C4,HINGHAM,MA,02043-4364,MR,KEVIN,SCHERMERHORN,,KEVIN SCHERMERHORN,7813353495,FIFIELDFABRICS.COM,42164928,70921119
H,32521105,PLASTICS MATERIAL & RESIN MANUFACTURING,CLARIANT CORP,85 INDUSTRIAL DR,HOLDEN,MA,01520-1848,MS,ERIN,XENOS,,ERIN XENOS,5088296321,CLARIANT.COM,42338020,71842582
H,32221904,OTHER PAPERBOARD CONTAINER MANUFACTURING,INTERNATIONAL CONTAINER CO,20 WINTER ST,HOLYOKE,MA,01040-6409,MR,BILL,SEARLES,,BILL SEARLES,4135389802,INTERNATIONALCONTAINERCO.COM,42201499,72598556
H,32222001,PAPER BAG & COATED & TREATED PAPER MANUFACTURING,SEALED AIR CORP,2030 HOMESTEAD AVE,HOLYOKE,MA,01040-9765,MR,MATT,BLEAKLEY,,MATT BLEAKLEY,4135340231,SEALEDAIR.COM,42172039,72646415
H,32221907,OTHER PAPERBOARD CONTAINER MANUFACTURING,SONOCO PRODUCTS CO,111 MOSHER ST,HOLYOKE,MA,01040-6324,MS,KATHLEEN,CROSS,,KATHLEEN CROSS,4134931298,SONOCO.COM,42202896,72593841
H,32221907,OTHER PAPERBOARD CONTAINER MANUFACTURING,SONOCO PRODUCTS CO,200 S WATER ST,HOLYOKE,MA,01040-5979,MR,DAVE,SCHULTZ,,DAVE SCHULTZ,4135364546,SONOCO.COM,42193107,72607383
H,32223002,STATIONERY PRODUCT MANUFACTURING,SPECIALTY LOOSE LEAF INC,1 CABOT ST,HOLYOKE,MA,01040-6097,JIM,RICHMOND,S,M,JIM RICHMOND,4135320106,SPECIALTYLOOSELEAF.COM,42196693,72602149
H,31491018,TEXTILE BAG & CANVAS MILLS,SULMAC INC,1115 MAIN ST # 101,HOLYOKE,MA,01040-5388,STANLEY,SULENSKI,S,M,STANLEY SULENSKI,4135335347,SULMAC.COM,42172420,72632080
H,32221901,OTHER PAPERBOARD CONTAINER MANUFACTURING,UNI-PAC INC,150 MIDDLE WATER ST,HOLYOKE,MA,01040-5588,,,S,,,4135345284,UNI-PAC.COM,42195606,72603630
H,32221901,OTHER PAPERBOARD CONTAINER MANUFACTURING,UNITED PAPER BOX CO,150 MIDDLE WATER ST,HOLYOKE,MA,01040-5586,MR,MICHAEL,LECLAIR,,MICHAEL LECLAIR,4135345284,UNI-PAC.COM,42195606,72603630
H,32221201,FOLDING PAPERBOARD BOX MANUFACTURING,UNIVERSITY PRODUCTS,PO BOX 101,HOLYOKE,MA,01041-0101,MR,DAVID,MAGOON,,DAVID MAGOON,4135323372,UNIVERSITYPRODUCTS.COM,42197547,72610206
H,32221904,OTHER PAPERBOARD CONTAINER MANUFACTURING,XPRESSPAX INC,34 HAYDEN ROWE ST # 1,HOPKINTON,MA,01748-1891,MR,DAVID A,MOSES,,DAVID A MOSES,5086251582,XPRESSPAX.COM,42225925,71517486
H,31321018,BROADWOVEN FABRIC MILLS,ARTEE COLLECTIONS INC,68 TOWER ST,HUDSON,MA,01749-1779,MS,ARTEE,BHANDARI,,ARTEE BHANDARI,9785679911,ARTEEFABRICSANDHOME.COM,42397235,71558227
H,32222013,PAPER BAG & COATED & TREATED PAPER MANUFACTURING,HUDSON POLY BAG INC,578 MAIN ST,HUDSON,MA,01749-3099,MR,RICH,FADGEN,,RICH FADGEN,9785627566,HUDSONPOLY.COM,42392189,71500305
H,31331005,TEXTILE & FABRIC FINISHING MILLS,MIDDLESEX RESEARCH MFG CO,27 APSLEY ST,HUDSON,MA,01749-1594,MR,D W,RUSSELL,,D W RUSSELL,9785623697,,42394943,71578506
H,31322001,NARROW FABRIC MILLS & SCHIFFLI MACHINE EMBROIDERY,UNITED STRETCH DESIGN,11 BONAZZOLI AVE,HUDSON,MA,01749-2849,MS,EVA,CHAVES,,EVA CHAVES,9785627781,USDCORP.COM,42390720,71548957
H,32222017,PAPER BAG & COATED & TREATED PAPER MANUFACTURING,PAK 2000 INC,12 BEACON RD,HULL,MA,02045-1432,BILL,GRAM,S,M,BILL GRAM,7819255146,,42306331,70886085
H,31499921,ALL OTHER MISCELLANEOUS TEXTILE PRODUCT MILLS,SEAMS SEW RIGHT,3 RIVERS EDGE RD,HULL,MA,02045-3406,KATHY,FLEISCHER,S,F,KATHY FLEISCHER,7813836558,SEAMS-SEW-RIGHT.NET,42261737,70846984
H,31499931,ALL OTHER MISCELLANEOUS TEXTILE PRODUCT MILLS,ADVANCED EMBROIDERY,38 PLANT RD,HYANNIS,MA,02601-1916,DAMON,COLLINS,S,M,DAMON COLLINS,5087786516,ADVANCEDEMBROIDERY.BIZ,41671913,70294906
H,31499924,ALL OTHER MISCELLANEOUS TEXTILE PRODUCT MILLS,INTERNATIONAL CULINARY DESIGNS,298 MAIN ST # 11,HYANNIS,MA,02601-4000,WILLEM,WURFBAIN,S,M,WILLEM WURFBAIN,5087750948,,41654266,70281280
H,31499921,ALL OTHER MISCELLANEOUS TEXTILE PRODUCT MILLS,MOORADIAN COVER CO,65 SPRAGUE ST # 9,HYDE PARK,MA,02136-2164,PETER,HOFFMAN,S,M,PETER HOFFMAN,6173336955,MOORADIAN.COM,42235668,71139801
H,32221202,FOLDING PAPERBOARD BOX MANUFACTURING,SPECIALTY PACKAGING INC,PO BOX 51398,INDIAN ORCHARD,MA,01151-5398,MR,DAVID,WEGMAN,,DAVID WEGMAN,4135431814,,42149444,72493820
H,31331035,TEXTILE & FABRIC FINISHING MILLS,WILJER TEXTILE CO,PO BOX 51266,INDIAN ORCHARD,MA,01151-5266,MR,RICHARD,PETRO,,RICHARD PETRO,4135435333,WILJER.COM,42160350,72506256
H,31331035,TEXTILE & FABRIC FINISHING MILLS,ROY LOCKWOOD INC,19 GREEN ST,KINGSTON,MA,02364-1486,MR,EDWARD J,DORGAN,,EDWARD J DORGAN,7815822703,,41994792,70731697
H,31491010,TEXTILE BAG & CANVAS MILLS,APPLE WIPER & SUPPLY CO,30 MCFARLIN CT,LAWRENCE,MA,01841-4707,,,S,,,9787250052,,42700328,71169166
H,32229909,ALL OTHER CONVERTED PAPER PRODUCT MANUFACTURING,CARAUSTAR INDUSTRIES,91 GLENN ST,LAWRENCE,MA,01843-1036,MR,GUS,SWANSON,,GUS SWANSON,9786876982,,42683963,71184654
H,31321017,BROADWOVEN FABRIC MILLS,CHINA SAILS INC CHINA,610 ANDOVER ST,LAWRENCE,MA,01843-1000,,,,,,9786868866,,42690326,71174430
H,31323002,NONWOVEN FABRIC MILLS,DELAWARE VALLEY CORP,500 BROADWAY,LAWRENCE,MA,01841-3002,MR,D P,DI MAGGIO,,D P DI MAGGIO,9786886995,DVC500.COM,42714786,71176536
H,31331035,TEXTILE & FABRIC FINISHING MILLS,DELAWARE VALLEY CORP,PO BOX 987,LAWRENCE,MA,01842-1987,,,,,,9786885825,DVC500.COM,42706695,71165893
H,31499908,ALL OTHER MISCELLANEOUS TEXTILE PRODUCT MILLS,FARLEY & CROSS FLAG CO,265 MERRIMACK ST # 4,LAWRENCE,MA,01843-1700,,,S,,,9786832365,FARLEYCROSSFLAGS.COM,42702388,71150131
H,31499908,ALL OTHER MISCELLANEOUS TEXTILE PRODUCT MILLS,FARLEY-CROSS FLAG CO-CROSS FLG,18 BROADWAY AVE,LAWRENCE,MA,01841-3411,,,S,,,8002872365,,42711544,71175102
H,31324003,KNIT FABRIC MILLS,FORD-ENRIGHT,181 CANAL ST # 2,LAWRENCE,MA,01840-1864,CLAUDETTE,ENRIGHT,S,F,CLAUDETTE ENRIGHT,9789751182,,42706691,71152214
H,31491010,TEXTILE BAG & CANVAS MILLS,SPECTOR TEXTILE PRODUCTS,10 EMBANKMENT ST # 1,LAWRENCE,MA,01841-4719,MR,HOWARD,SPECTOR,,HOWARD SPECTOR,9786877432,SPECTORTEXTILE.COM,42702953,71169197
H,31321022,BROADWOVEN FABRIC MILLS,HANESBRANDS INC,50 WATER ST # 400,LEE,MA,01238-9411,,,,,,4132438253,HANES.COM,42293094,73234046
H,31331035,TEXTILE & FABRIC FINISHING MILLS,I MARKS TEXTILE INC,110 FOX RUN,LEE,MA,01238-9634,MR,IRVING H,MARKS,,IRVING H MARKS,4132430550,,42282024,73259933
H,31331035,TEXTILE & FABRIC FINISHING MILLS,MACKIMMIE CO,69 CHURCH ST # 1,LENOX,MA,01240-2540,MR,VYTAS,BARSAUSKAS,,VYTAS BARSAUSKAS,4136379060,MACKIMMIECO.COM,42359130,73282623
H,32521104,PLASTICS MATERIAL & RESIN MANUFACTURING,AARON INDUSTRIES CORP,PO BOX 607,LEOMINSTER,MA,01453-0607,MR,ROBERT G,TOCCI,,ROBERT G TOCCI,9785346135,AARONINC.COM,42527446,71734245
H,31499908,ALL OTHER MISCELLANEOUS TEXTILE PRODUCT MILLS,ADD-A-SIGN LLC,136 POND ST,LEOMINSTER,MA,01453-3552,TIM,GRAUTSKI,S,M,TIM GRAUTSKI,9784669000,ADDASIGN.COM,42523311,71767379
H,32521105,PLASTICS MATERIAL & RESIN MANUFACTURING,ARTECH,25 LITCHFIELD ST,LEOMINSTER,MA,01453-4251,,,,,,9784012267,,42513423,71745697
H,31499908,ALL OTHER MISCELLANEOUS TEXTILE PRODUCT MILLS,CENTRAL DISCOUNT FLAG-FLAGPOLE,41 MAIN ST,LEOMINSTER,MA,01453-5501,,,S,,,9785345090,CDFLAG.COM,42527454,71758552
H,31499908,ALL OTHER MISCELLANEOUS TEXTILE PRODUCT MILLS,CENTRAL DISCOUNT FLAG-FLAGPOLE,66 WEST ST,LEOMINSTER,MA,01453-5667,DEAN,MAZZARELLA,S,M,DEAN MAZZARELLA,9785345090,CDFLAG.COM,42527317,71764442
H,32221907,OTHER PAPERBOARD CONTAINER MANUFACTURING,EASYPAK INC,177 FLORENCE ST,LEOMINSTER,MA,01453-4782,,,,,,9784669150,,42515499,71740440
H,32521105,PLASTICS MATERIAL & RESIN MANUFACTURING,F & D PLASTICS,23 JYTEK DR,LEOMINSTER,MA,01453-5984,MR,ROGER,ROSBURY,,ROGER ROSBURY,9785348999,FDPLASTICS.COM,42485126,71749885
H,31491008,TEXTILE BAG & CANVAS MILLS,FRYE,439 LANCASTER ST,LEOMINSTER,MA,01453-4335,,,S,,,9784665726,,42511840,71743019
H,32521104,PLASTICS MATERIAL & RESIN MANUFACTURING,MODERN DISPERSIONS INC,78 MARGUERITE AVE,LEOMINSTER,MA,01453-4266,MR,JANOS,KOZMA,,JANOS KOZMA,9785343370,MODERNDISPERSIONS.COM,42513534,71752349
H,31331022,TEXTILE & FABRIC FINISHING MILLS,SPECTRO COATING CORP,101 SCOTT DR,LEOMINSTER,MA,01453-3320,MR,HEMENDRA,SHAH,,HEMENDRA SHAH,9785341800,,42530158,71737472
H,31499924,ALL OTHER MISCELLANEOUS TEXTILE PRODUCT MILLS,BETSY TEXTILES LLC,72 POTTER POND,LEXINGTON,MA,02421-8247,ELIZABETH K,SPEERT,S,F,ELIZABETH K SPEERT,,,42412231,71216926
H,32521105,PLASTICS MATERIAL & RESIN MANUFACTURING,POLY ONE CORP,305 FOSTER ST # 103,LITTLETON,MA,01460-2021,MR,RICK,LONARDO,,RICK LONARDO,9784864130,POLYONE.COM,42517963,71504608
H,32521105,PLASTICS MATERIAL & RESIN MANUFACTURING,MC CARTHY POLYMERS INC,1435 LONGMEADOW ST,LONGMEADOW,MA,01106-2203,RICHARD,MC CARTHY,S,M,RICHARD MC CARTHY,4137289263,MCCARTHYPOLYMERS.COM,42032382,72581565
H,31499908,ALL OTHER MISCELLANEOUS TEXTILE PRODUCT MILLS,RADDING ASSOCIATES,248 GREEN HILL RD,LONGMEADOW,MA,01106-2968,ED,RADDING,S,M,ED RADDING,4137365400,,42045677,72543106
H,32222001,PAPER BAG & COATED & TREATED PAPER MANUFACTURING,ARLIN MANUFACTURING CO,PO BOX 222,LOWELL,MA,01853-0222,MR,JOHN,MITCHELL,,JOHN MITCHELL,9784549165,ARLINMFG.COM,42618503,71315971
H,32521105,PLASTICS MATERIAL & RESIN MANUFACTURING,BALLARD MATERIAL PRODUCTS,2 INDUSTRIAL AVE # 1,LOWELL,MA,01851-5107,,TEMITOPE,ISIJOLA,,TEMITOPE ISIJOLA,9784545252,,42616161,71322616
H,31332003,FABRIC COATING MILLS,BRADFORD INDUSTRIES INC,75 ROGERS ST,LOWELL,MA,01852-3617,MR,STEVE,OLSEN,,STEVE OLSEN,9784594100,BSCT.US,42635364,71300338
H,31499908,ALL OTHER MISCELLANEOUS TEXTILE PRODUCT MILLS,C M FLAG INC,59 5TH ST,LOWELL,MA,01850-2154,MR,CHARLES M,BANDEIRA,,CHARLES M BANDEIRA,,,42650943,71300926
H,32221102,CORRUGATED & SOLID FIBER BOX MANUFACTURING,DS SMITH,240 INDUSTRIAL AVE E,LOWELL,MA,01852-5114,MR,PAUL,AUSTIN,,PAUL AUSTIN,9784584555,DSSMITH.COM,42618030,71317756
H,31332003,FABRIC COATING MILLS,IDEAL TAPE CO INC,1400 MIDDLESEX ST,LOWELL,MA,01851-1296,MR,C MICHAEL,DONNELLY,,C MICHAEL DONNELLY,9784586833,ABITAPE.COM,42637104,71341934
H,31411002,CARPET & RUG MILLS,J W CARPET INC,29 CADY ST,LOWELL,MA,01852-2605,MR,JOAO A,ALVES,,JOAO A ALVES,,,42638668,71304748
H,31499921,ALL OTHER MISCELLANEOUS TEXTILE PRODUCT MILLS,LOWELL SEWING INC,92 BOLT ST,LOWELL,MA,01852-5316,SCOTT,POPP,S,M,SCOTT POPP,9789348855,,42624916,71297683
H,31499921,ALL OTHER MISCELLANEOUS TEXTILE PRODUCT MILLS,T & T SEWING CO,171 LINCOLN ST # 2,LOWELL,MA,01852-6021,THEL,POUCH,S,M,THEL POUCH,9787352772,,42627414,71318153
H,31499921,ALL OTHER MISCELLANEOUS TEXTILE PRODUCT MILLS,UN WRAPPED INC,95 ROCK ST,LOWELL,MA,01854-4300,MR,STEPHEN A,KATZ,,STEPHEN A KATZ,9784410242,,42642063,71321868
H,32222019,PAPER BAG & COATED & TREATED PAPER MANUFACTURING,UNITED STATES MACH,908 LAWRENCE ST,LOWELL,MA,01852-4715,GARY,KOTFILA,S,M,GARY KOTFILA,9784556278,,42629142,71298675
H,31499908,ALL OTHER MISCELLANEOUS TEXTILE PRODUCT MILLS,STEVE'S FLORIST & GREENHOUSES,181 BROADWAY,LYNN,MA,01904-1895,SALVATORE,MIGLIACCIO,S,M,SALVATORE MIGLIACCIO,7815983220,,42490215,70958999
H,31499921,ALL OTHER MISCELLANEOUS TEXTILE PRODUCT MILLS,YOUNG & CO,520 WASHINGTON ST # 3,LYNN,MA,01901-1357,EDWIN A,YOUNG JR,S,M,EDWIN A YOUNG JR,7815993719,YOUNGFLAG.COM,42463554,70945068
H,31522013,MEN'S & BOY'S CUT & SEW APPAREL MANUFACTURING,CARHARTT INC,120 MARKET ST,LYNNFIELD,MA,01940-4018,,,,,,7813346240,CARHARTT.COM,42514739,71032752
H,32222013,PAPER BAG & COATED & TREATED PAPER MANUFACTURING,ACE LON CORP,PO BOX 642,MALDEN,MA,02148-0006,MR,WEI,DING,,WEI DING,7813227121,ACE-LON.COM,42430488,71043022
H,31499924,ALL OTHER MISCELLANEOUS TEXTILE PRODUCT MILLS,SANLIU TEXTILE CORP,16 QUARRY LN # 4410,MALDEN,MA,02148-7784,HANWU,HUANG,S,M,HANWU HUANG,,,42439224,71024986
H,31331033,TEXTILE & FABRIC FINISHING MILLS,A LYONS & CO INC,40 BEACH ST # 105,MANCHESTR BY SEA,MA,01944-1464,,,S,,,9785264244,ALYONS.COM,42573558,70769950
H,31331033,TEXTILE & FABRIC FINISHING MILLS,CLEAN CARD INC,40 BEACH ST # 105,MANCHESTR BY SEA,MA,01944-1464,JOE,SMITH,S,M,JOE SMITH,9785269997,CLEANCARDINC.COM,42573558,70769950
H,31331032,TEXTILE & FABRIC FINISHING MILLS,SULLCO INC,40 BEACH ST # 105,MANCHESTR BY SEA,MA,01944-1464,MR,RICHARD J,SULLIVAN JR,,RICHARD J SULLIVAN JR,9785267610,SULLCO.NET,42573558,70769950
H,31331020,TEXTILE & FABRIC FINISHING MILLS,AMTEX FABRIC CO,55 CABOT BLVD,MANSFIELD,MA,02048-1137,MR,RON,CORDOVER,,RON CORDOVER,5083399151,,42029243,71247642
H,32222001,PAPER BAG & COATED & TREATED PAPER MANUFACTURING,LACERTA GROUP INC,360 FORBES BLVD,MANSFIELD,MA,02048-1806,MR,MOSTAFA,LOTFI,,MOSTAFA LOTFI,5083393312,LACERTA.COM,42021430,71240379
H,32222001,PAPER BAG & COATED & TREATED PAPER MANUFACTURING,LACERTA GROUP INC,240 FORBES BLVD,MANSFIELD,MA,02048-1804,,,,,,7742844469,,42027099,71241546
H,32521105,PLASTICS MATERIAL & RESIN MANUFACTURING,SIERRA RESINS INC,241 FRANCIS AVE,MANSFIELD,MA,02048-1548,,,,,,7742844037,,42039379,71204666
H,31499921,ALL OTHER MISCELLANEOUS TEXTILE PRODUCT MILLS,MILES RIVER SEWING,40 DOAKS LN,MARBLEHEAD,MA,01945-3561,,,S,,,7819903840,MILESRIVERSEWING.COM,42509304,70845146
H,31321017,BROADWOVEN FABRIC MILLS,HARDING SAILS INC,732 MILL ST,MARION,MA,02738-2209,MS,LISA,BEAUSOLEIL,,LISA BEAUSOLEIL,5087480334,HARDINGSAILS.COM,41693519,70773529
H,31491017,TEXTILE BAG & CANVAS MILLS,SPERRY SAILS,11 MARCONI LN,MARION,MA,02738-1445,MATT,SPERRY,S,M,MATT SPERRY,5087482581,SPERRYSAILS.COM,41714408,70773422
H,31331014,TEXTILE & FABRIC FINISHING MILLS,HUB FABRIC LEATHER CO INC,91 BARTLETT ST # 3,MARLBOROUGH,MA,01752-3048,MR,WILLIAM,SCHARF,,WILLIAM SCHARF,5082817111,HUBFABRIC.COM,42322910,71595153
H,32222013,PAPER BAG & COATED & TREATED PAPER MANUFACTURING,LADDAWN INC,34 SAINT MARTIN DR,MARLBOROUGH,MA,01752-3021,,,,,,7748432240,,42313915,71581024
H,32221102,CORRUGATED & SOLID FIBER BOX MANUFACTURING,MASS PRINTERS SVC,PO BOX 853,MARLBOROUGH,MA,01752-0853,MR,DAVID,CORBETT,,DAVID CORBETT,5084817600,,42332992,71540382
H,32221901,OTHER PAPERBOARD CONTAINER MANUFACTURING,MASSACHUSETTS CONTAINER CORP,300 CEDAR HILL ST,MARLBOROUGH,MA,01752-3036,MR,MIKE,FEEHLY,,MIKE FEEHLY,5084811100,UNICORR.COM,42318111,71591117
H,32221102,CORRUGATED & SOLID FIBER BOX MANUFACTURING,UNICORR,300 CEDAR HILL ST,MARLBOROUGH,MA,01752-3036,MR,MARK,STETSON,,MARK STETSON,2032482161,UNICORR.COM,42318111,71591117
H,31499921,ALL OTHER MISCELLANEOUS TEXTILE PRODUCT MILLS,OLDE COLONIAL DESIGNS,PO BOX 704,MARSHFIELD,MA,02050-0704,PAMELA,REED,S,F,PAMELA REED,7818348836,OLDECOLONIALDESIGNS.COM,42063888,70720268
H,31499908,ALL OTHER MISCELLANEOUS TEXTILE PRODUCT MILLS,HAMCO FLAGPOLES,85 TIMBER LN,MARSTONS MILLS,MA,02648-2118,,,S,,,5087786822,,41674251,70380607
H,32521105,PLASTICS MATERIAL & RESIN MANUFACTURING,POLY ONE CORP,7 RED CEDAR RD,MASHPEE,MA,02649-3551,,,,,,8153858500,POLYONE.COM,41613037,70482971
H,32223006,STATIONERY PRODUCT MANUFACTURING,CLEAN FORMS CORP,93 WEST ST,MEDFIELD,MA,02052-1556,ELAINE,GALVIN,S,F,ELAINE GALVIN,5083597110,CLEARCHOICEINC.COM,42191307,71330139
H,31331020,TEXTILE & FABRIC FINISHING MILLS,KRAVET FABRICS,67 WEST ST # 5,MEDFIELD,MA,02052-1578,,,,,,5082429740,KRAVET.COM,42192806,71323890
H,31499908,ALL OTHER MISCELLANEOUS TEXTILE PRODUCT MILLS,ACCENT BANNER LLC,17 LOCUST ST # 25,MEDFORD,MA,02155-5713,MR,CURT,DIETRICH,,CURT DIETRICH,7813917300,ACCENTBANNER.COM,42410263,71092506
H,31491013,TEXTILE BAG & CANVAS MILLS,ATLANTIC AWNING,270 FRANKLIN ST,MELROSE,MA,02176-1895,MR,MARK,HORTON,,MARK HORTON,7816654040,ATLANTIC-AWNING.US,42467575,71065422
H,31499921,ALL OTHER MISCELLANEOUS TEXTILE PRODUCT MILLS,KC CUSTOM SEWING,14 BEAR HILL RD,MERRIMAC,MA,01860-1222,,,S,,,9783467161,KCCUSTOMSEWING.COM,42838977,70992897
H,32221901,OTHER PAPERBOARD CONTAINER MANUFACTURING,CENTURY BOX,45 CHASE ST,METHUEN,MA,01844-3771,MS,JOHANNAH,KAGAN,,JOHANNAH KAGAN,9786890100,CENTURYBOX.COM,42718822,71182823
H,31499908,ALL OTHER MISCELLANEOUS TEXTILE PRODUCT MILLS,YANKEE FIRE PLACE,140 S MAIN ST,MIDDLETON,MA,01949-2438,PHYLLIS,RYAN,S,F,PHYLLIS RYAN,9787742760,,42585342,71007263
H,31499924,ALL OTHER MISCELLANEOUS TEXTILE PRODUCT MILLS,MILLBURY TEXTILE RECYCLING,PO BOX 69,MILLBURY,MA,01527-0069,BARRY,KLINE,S,M,BARRY KLINE,5088651717,,42196060,71756309
H,31311003,FIBER YARN & THREAD MILLS,S & D SPINNING MILL,PO BOX 186,MILLBURY,MA,01527-0186,MR,DAVID,DEARNLEY,,DAVID DEARNLEY,5088654870,,42172500,71779823
H,31499908,ALL OTHER MISCELLANEOUS TEXTILE PRODUCT MILLS,STORM FLAG INC,1362 CANTON AVE,MILTON,MA,02186-2435,MR,FERNANDO,PAIZ,,FERNANDO PAIZ,,,42233448,71106704
H,31499921,ALL OTHER MISCELLANEOUS TEXTILE PRODUCT MILLS,SEW N SEW INC,251 W CENTRAL ST # 8,NATICK,MA,01760-3758,,,S,,,5084336817,,42282623,71392402
H,31499921,ALL OTHER MISCELLANEOUS TEXTILE PRODUCT MILLS,AMERICAN CUT & SEW CORP,686 BELLEVILLE AVE,NEW BEDFORD,MA,02745-6035,MR,STEVE M,SCHUSTER,,STEVE M SCHUSTER,,,41672733,70920394
H,31331022,TEXTILE & FABRIC FINISHING MILLS,BRITTANY DYE CORP,1357 E RODNEY FRENCH BLVD,NEW BEDFORD,MA,02744-2124,MR,KENNETH,JOBLON,,KENNETH JOBLON,5089993281,BRITTANYUSA.COM,41607406,70905441
H,31332005,FABRIC COATING MILLS,COATERS INC LEATHER,305 NASH RD # 1,NEW BEDFORD,MA,02746-1800,MR,RICHARD,ARNOLD,,RICHARD ARNOLD,5089965700,,41667098,70934761
H,31491013,TEXTILE BAG & CANVAS MILLS,CREATIVE CANVASWORKS,24 HARBOR ST,NEW BEDFORD,MA,02744-2551,,,S,,,5089900377,CREATIVECANVASWORKS.COM,41617633,70916496
H,32223001,STATIONERY PRODUCT MANUFACTURING,H LOEB CORP,419 SAWYER ST # 2,NEW BEDFORD,MA,02746-5605,JULIUS,SHAW,S,M,JULIUS SHAW,5089963745,HLOEB.COM,41657085,70933593
H,31522019,MEN'S & BOY'S CUT & SEW APPAREL MANUFACTURING,JOSEPH ABBOUD MFG,689 BELLEVILLE AVE,NEW BEDFORD,MA,02745-6011,MR,JACK,LOURENCO,,JACK LOURENCO,5089991301,JOSEPHABBOUD.COM,41671958,70920722
H,31321017,BROADWOVEN FABRIC MILLS,MISUENO APPLIANCE REPAIR SELL,302 N FRONT ST,NEW BEDFORD,MA,02746-2006,,,,,,7742022826,,41658794,70925720
H,31499908,ALL OTHER MISCELLANEOUS TEXTILE PRODUCT MILLS,POYANT SIGNS INC,125 SAMUEL BARNET BLVD,NEW BEDFORD,MA,02745-1204,MR,LEN M,POYANT,,LEN M POYANT,5089951777,POYANTSIGNS.COM,41721145,70962188
H,32221910,OTHER PAPERBOARD CONTAINER MANUFACTURING,LYNN CHASE DESIGNS,63 S SANDISFIELD RD # A,NEW MARLBOROUGH,MA,01230-2187,LYNN,CHASE,S,F,LYNN CHASE,4132295900,LYNNCHASE.COM,42198047,73341217
H,32521107,PLASTICS MATERIAL & RESIN MANUFACTURING,ADVANCED URETHANE TECH,122 PARKER ST,NEWBURYPORT,MA,01950-4008,MR,JOHN,COLETTI,,JOHN COLETTI,9784625400,LEGGETT.COM,42800094,70886161
H,31491013,TEXTILE BAG & CANVAS MILLS,COMMONWEALTH CANVAS INC,5 PERKINS WAY,NEWBURYPORT,MA,01950-4074,PETER,BONTOS,S,M,PETER BONTOS,9784993900,COMMONWEALTHCANVAS.COM,42798530,70885505
H,32222016,PAPER BAG & COATED & TREATED PAPER MANUFACTURING,PACKAGING SPECIALTIES,3 OPPORTUNITY WAY,NEWBURYPORT,MA,01950-4044,MR,GARY,SWERLING,,GARY SWERLING,9784621300,PACK-SPEC.COM,42802696,70891708
H,32222001,PAPER BAG & COATED & TREATED PAPER MANUFACTURING,UFP TECHNOLOGIES INC,100 HALE ST,NEWBURYPORT,MA,01950-3504,MR,W DAVID,SMITH,,W DAVID SMITH,9783522200,UFPT.COM,42804569,70909713
H,32521107,PLASTICS MATERIAL & RESIN MANUFACTURING,UNION SPECIALTIES INC,3 MALCOLM HOYT DR,NEWBURYPORT,MA,01950-4084,MR,WILLIAM J,GREENE,,WILLIAM J GREENE,9784651717,UNIONSPECIALTIESINC.COM,42795680,70891799
H,31499921,ALL OTHER MISCELLANEOUS TEXTILE PRODUCT MILLS,KRIS SHAFFER INTERIOR,35 OAK CLIFF RD,NEWTONVILLE,MA,02460-2342,KRIS,SHAFFER,S,F,KRIS SHAFFER,6173321748,,42339134,71213088
H,31332004,FABRIC COATING MILLS,FLAME LAMINATING CORP,2350 TURNPIKE ST # B,NORTH ANDOVER,MA,01845-6347,MR,JOSEPH,DE GRAZIA,,JOSEPH DE GRAZIA,9787259527,FLAMELAMINATINGCORP.COM,42625545,71055656
H,32223006,STATIONERY PRODUCT MANUFACTURING,ARTCRAFT CO INC,PO BOX E,NORTH ATTLEBORO,MA,02763-0415,MR,JOHN R,DUMOUCHEL,,JOHN R DUMOUCHEL,5086954042,ARTCRAFT.COM,41979923,71300987
H,32221901,OTHER PAPERBOARD CONTAINER MANUFACTURING,FULLER BOX CO,PO BOX 9,NORTH ATTLEBORO,MA,02761-0009,MR,PETER C,FULLER,,PETER C FULLER,5086952525,FULLERBOX.COM,41977558,71327125
H,31331035,TEXTILE & FABRIC FINISHING MILLS,MERCURY INTERNATIONAL TRADING,20 ALICE AGNEW DR,NORTH ATTLEBORO,MA,02763-1036,,,,,,5086999000,,41987998,71296653
H,31323002,NONWOVEN FABRIC MILLS,NONWOVENS INC,PO BOX 921,NORTH CHELMSFORD,MA,01863-0921,MR,BRIAN,DALLMEYER,,BRIAN DALLMEYER,9782518612,,42642601,71382049
H,31491013,TEXTILE BAG & CANVAS MILLS,STEELE & ROWE INC CANVS PRODS,190 CHASE RD,NORTH DARTMOUTH,MA,02747-1004,TOREY A,STEELE,S,M,TOREY A STEELE,5089936413,,41621196,70998725
H,31331035,TEXTILE & FABRIC FINISHING MILLS,AVILA TEXTILES INC,PO BOX 897,NORTH DIGHTON,MA,02764-0881,MR,MANUEL S,AVILA,,MANUEL S AVILA,5088285882,AVILATEXTILESINC.COM,41866832,71128944
H,32222013,PAPER BAG & COATED & TREATED PAPER MANUFACTURING,INTEPLAST GROUP LTD,455 SOMERSET AVE,NORTH DIGHTON,MA,02764-1811,MR,ROBERT,MARSH,,ROBERT MARSH,5088807640,INTEPLAST.COM,41853534,71112243
H,32222013,PAPER BAG & COATED & TREATED PAPER MANUFACTURING,INTERPLAST GROUP LTD ALARM,455 SOMERSET AVE,NORTH DIGHTON,MA,02764-1811,,,,,,5088235014,,41853534,71112243
H,31499924,ALL OTHER MISCELLANEOUS TEXTILE PRODUCT MILLS,FRANCIS TEXTILE CONSERVATION,14 WILLOW NEST LN,NORTH FALMOUTH,MA,02556-2155,KATHLEEN E,FRANCIS,S,F,KATHLEEN E FRANCIS,,,41644859,70608848
H,31499921,ALL OTHER MISCELLANEOUS TEXTILE PRODUCT MILLS,SOCIAL SEWING STUDIO,246 MAIN ST # D,NORTH READING,MA,01864-1371,,,S,,,9788020625,SOCIALSEWING.COM,42589534,71117080
H,31499921,ALL OTHER MISCELLANEOUS TEXTILE PRODUCT MILLS,BEEHIVE SEWING STUDIO + WRKSPC,271 PLEASANT ST,NORTHAMPTON,MA,01060-3927,THERESA,POE,S,F,THERESA POE,4133458201,BEEHIVESEWING.COM,42316665,72626159
H,32221102,CORRUGATED & SOLID FIBER BOX MANUFACTURING,PACKAGING CORP OF AMERICA,525 MOUNT TOM RD,NORTHAMPTON,MA,01060-4261,MR,MARK,WILSON,,MARK WILSON,4135846132,PACKAGINGCORP.COM,42291599,72622627
H,31499921,ALL OTHER MISCELLANEOUS TEXTILE PRODUCT MILLS,SEW RITE INC,137 DAMON RD # D,NORTHAMPTON,MA,01060-1819,KI CHUN,PARK,S,M,KI CHUN PARK,,,42338405,72630912
H,32521105,PLASTICS MATERIAL & RESIN MANUFACTURING,COZ GROUP INC,PO BOX 609,NORTHBRIDGE,MA,01534-0609,MR,HENRY,COZ,,HENRY COZ,5082341469,,42155208,71653213
H,31499908,ALL OTHER MISCELLANEOUS TEXTILE PRODUCT MILLS,OSTERVILLE HOUSE & GARDEN,846 MAIN ST # D,OSTERVILLE,MA,02655-2055,MEGAN,COTE,S,F,MEGAN COTE,5084286911,OSTERVILLEHANDG.COM,41628681,70386032
H,31323004,NONWOVEN FABRIC MILLS,LEGGETT & PLATT INC,PO BOX 719,OXFORD,MA,01540-0719,MR,PAUL,SAVAL,,PAUL SAVAL,5089878706,LEGGETT.COM,42132869,71859634
H,31411002,CARPET & RUG MILLS,THORNDIKE MILLS,PO BOX 968,PALMER,MA,01069-0968,MR,MITCH,GARABEDIAN,,MITCH GARABEDIAN,4132839021,THORNDIKEMILLS.COM,42178886,72318504
H,31491013,TEXTILE BAG & CANVAS MILLS,ALLEN'S AUTO TRIM INC,27 HOWLEY ST,PEABODY,MA,01960-5617,KENNETH D,HOPKINS,S,M,KENNETH D HOPKINS,9785319021,ALLENSAUTOTRIM.COM,42524677,70918357
H,31324005,KNIT FABRIC MILLS,CUSHMAN & MARDEN,PO BOX 3001,PEABODY,MA,01961-3001,SANDRA E,GRAY,S,F,SANDRA E GRAY,9785321670,CUSHMANMARDEN.COM,42540130,70925598
H,31331017,TEXTILE & FABRIC FINISHING MILLS,FINELINES,77 WALNUT ST # 8,PEABODY,MA,01960-5691,MS,KAREN,GILMAN,,KAREN GILMAN,9789777357,FINELINES.COM,42525169,70919807
H,31322001,NARROW FABRIC MILLS & SCHIFFLI MACHINE EMBROIDERY,PEPPERELL BRAIDING CO,22 LOWELL ST,PEPPERELL,MA,01463-1703,,W P,SLIVINSKI,,W P SLIVINSKI,9784332133,PEPPERELL.COM,42668502,71568077
H,31522007,MEN'S & BOY'S CUT & SEW APPAREL MANUFACTURING,PROTECH ARMORED PRODUCTS,1595 EAST ST,PITTSFIELD,MA,01201-3807,MR,JOHN,BIRD,,JOHN BIRD,4134454000,PROTECHARMORED.COM,42455150,73208168
H,32221904,OTHER PAPERBOARD CONTAINER MANUFACTURING,DISCOUNT DISPOSAL,70 MINUTEMAN LN,PLYMOUTH,MA,02360-2105,JERIMAH,RICHMOND,S,M,JERIMAH RICHMOND,5084300002,,41920074,70579414
H,31499908,ALL OTHER MISCELLANEOUS TEXTILE PRODUCT MILLS,DISPLAY PROS,3 VILLAGE GRN N,PLYMOUTH,MA,02360-8803,RYAN,SCHORTMANN,S,M,RYAN SCHORTMANN,7742029555,,41880161,70599754
H,32222015,PAPER BAG & COATED & TREATED PAPER MANUFACTURING,BLUESKYLAB LLC,550 ADAMS ST # 293,QUINCY,MA,02169-1300,,,S,,,7817490521,WINEHUG.COM,42253734,71027633
H,31491017,TEXTILE BAG & CANVAS MILLS,DIMATTIA SAILS & YACHT SYSTEMS,735 E SQUANTUM ST,QUINCY,MA,02171-1210,RALPH,DI MATTIA,S,M,RALPH DI MATTIA,6173281100,,42297550,71016342
H,31499908,ALL OTHER MISCELLANEOUS TEXTILE PRODUCT MILLS,FOXROCK CO HANCOCK FLAG,1495 HANCOCK ST # 400,QUINCY,MA,02169-5248,,,,,,6174054931,,42248085,71002052
H,31331014,TEXTILE & FABRIC FINISHING MILLS,CHASE SONS INC,19 HIGHLAND AVE,RANDOLPH,MA,02368-4540,MS,SARAH,CHASE,,SARAH CHASE,7819632600,,42164283,71047454
H,32221905,OTHER PAPERBOARD CONTAINER MANUFACTURING,MARSHALL PAPER TUBE CO,PO BOX 304,RANDOLPH,MA,02368-0304,MR,PAUL,MAMANE,,PAUL MAMANE,7819636666,MARSHALLPAPERTUBE.COM,42155372,71145484
H,31499924,ALL OTHER MISCELLANEOUS TEXTILE PRODUCT MILLS,UNLIMITED TEXTILE INC,41 HIGHLAND ST # 1,REVERE,MA,02151-5115,SAID,MOUTTAKI,S,M,SAID MOUTTAKI,,,42407539,70999794
H,31491013,TEXTILE BAG & CANVAS MILLS,CAROL'S CANVAS CO,273 WEYMOUTH ST # A,ROCKLAND,MA,02370-1143,CAROL A,WHITNEY,S,F,CAROL A WHITNEY,7818718288,,42161716,70910156
H,31499924,ALL OTHER MISCELLANEOUS TEXTILE PRODUCT MILLS,CRAIG TEXTILES,83 E WATER ST # 1,ROCKLAND,MA,02370-1834,,,S,,,7814213331,,42128063,70911567
H,31519006,OTHER APPAREL KNITTING MILLS,J W RITCHIE UNDERWEAR,194 PLEASANT ST,ROCKLAND,MA,02370-1229,SCOTT,SIEGAL,S,M,SCOTT SIEGAL,7818780176,JWRITCHIE.COM,42146488,70914627
H,31331035,TEXTILE & FABRIC FINISHING MILLS,PARKER BROWN TEXTILES,67 BROADWAY,ROCKPORT,MA,01966-1525,,,,,,9783098467,,42654949,70622337
H,31491013,TEXTILE BAG & CANVAS MILLS,HARRY MILLER CO,PO BOX 191480,ROXBURY,MA,02119-0028,MS,SYDNEY L,MILLER,,SYDNEY L MILLER,6174272300,HARRYMILLER.COM,42331569,71075424
H,31491017,TEXTILE BAG & CANVAS MILLS,DOYLE SAIL MAKER,96 SWAMPSCOTT RD # 8,SALEM,MA,01970-7004,MS,JANET,DOYLE,,JANET DOYLE,9787405950,,42493858,70922454
H,31499921,ALL OTHER MISCELLANEOUS TEXTILE PRODUCT MILLS,MILES RIVER SEWING,53 MASON ST # 105,SALEM,MA,01970-2264,JULIE M,WEINSTEIN,S,F,JULIE M WEINSTEIN,9785948810,,42523456,70904899
H,31491017,TEXTILE BAG & CANVAS MILLS,NORTH SAILS NORTHEAST,23 GLENDALE ST,SALEM,MA,01970-5491,BRAD,WHITE,S,M,BRAD WHITE,9787451400,NORTHSAILSDIRECT.COM,42509441,70887924
H,31491017,TEXTILE BAG & CANVAS MILLS,SAIL SYSTEMS INC,7 FRANKLIN ST # 4,SALEM,MA,01970-2550,HAYDEN,BROWN,S,M,HAYDEN BROWN,9787450440,,42526168,70899612
H,31499908,ALL OTHER MISCELLANEOUS TEXTILE PRODUCT MILLS,BISGROVE DESIGNS,8 MAIN ST,SALISBURY,MA,01952-1201,MR,MARK,BISGROVE,,MARK BISGROVE,9784626746,BISGROVE.COM,42874740,70874107
H,32221905,OTHER PAPERBOARD CONTAINER MANUFACTURING,MAINE FIBER CO,16 MAIN ST,SALISBURY,MA,01952-1201,,,,,,9782551871,,42873634,70875381
H,31524012,WOMEN'S GIRLS' & INFANTS' CUT & SEW APPAREL MFG,OLD TIME SPORTS INC,10 FANARAS DR,SALISBURY,MA,01952-1443,MR,ROBERT,MAGNUSON,,ROBERT MAGNUSON,9784991844,OLD-TIME-HOCKEY.MYSHOPIFY.COM,42856533,70887611
H,31499908,ALL OTHER MISCELLANEOUS TEXTILE PRODUCT MILLS,FLOWER & PLANT SHOPPE,409 LYNN FELLS PKWY,SAUGUS,MA,01906-3130,,,S,,,7812335691,FLOWERSHOPPES.COM,42479106,71026252
H,32521105,PLASTICS MATERIAL & RESIN MANUFACTURING,I STERN & CO,36 S MAIN ST # 1,SHARON,MA,02067-1936,,,,,,7817840670,ISTERNPLASTICS.COM,42122310,71179313
H,31491009,TEXTILE BAG & CANVAS MILLS,GERRY COSBY & CO INC,PO BOX 609,SHEFFIELD,MA,01257-0609,,,S,,,4132296600,COSBYSPORTS.COM,42109615,73353813
H,32521105,PLASTICS MATERIAL & RESIN MANUFACTURING,PLASKOLITE LLC,119 SALISBURY RD,SHEFFIELD,MA,01257-9706,MR,JIM,BOEHM,,JIM BOEHM,4132298711,COVESTRO.COM,42103897,73362167
H,31321008,BROADWOVEN FABRIC MILLS,CAMBRIDGE CURTAIN,PO BOX 45033,SOMERVILLE,MA,02145-0001,MS,AIDA,ANDRADE,,AIDA ANDRADE,6173873510,,42407253,71056129
H,31499908,ALL OTHER MISCELLANEOUS TEXTILE PRODUCT MILLS,FLAGRAPHICS CO INC,PO BOX 108,SOMERVILLE,MA,02143-0002,MR,TONY,LAFUENTE,,TONY LAFUENTE,6177767549,,42381896,71089439
H,31411002,CARPET & RUG MILLS,J & J INVISION,44 ELM ST,SOMERVILLE,MA,02143-2273,MR,DAVID,JOLLY,,DAVID JOLLY,7065292100,,42387325,71115280
H,31499921,ALL OTHER MISCELLANEOUS TEXTILE PRODUCT MILLS,290 INDUSTRIAL STITCHING INC,49 MAIN ST,SOUTH BARRE,MA,01074-7728,CHONG,HER,S,M,CHONG HER,9783550271,MATTSEWING.COM,42387035,72098266
H,31499921,ALL OTHER MISCELLANEOUS TEXTILE PRODUCT MILLS,MATTHEWS SEWING,49 MAIN ST,SOUTH BARRE,MA,01074-7728,,,S,,,9783550271,MATTSEWING.COM,42387035,72098266
H,31491013,TEXTILE BAG & CANVAS MILLS,DOYLE BUZZARDS BAY SAILMAKERS,278 ELM ST,SOUTH DARTMOUTH,MA,02748-3420,BILL,RIBAR,S,M,BILL RIBAR,5089926322,DOYLESALES.COM,41586643,70943763
H,31324005,KNIT FABRIC MILLS,KNOTTY KNIT,286 ELM ST,SOUTH DARTMOUTH,MA,02748-3420,REBECCA,ROTH,S,F,REBECCA ROTH,7742027422,,41586948,70944129
H,31331035,TEXTILE & FABRIC FINISHING MILLS,SATKIN MILLS INC,4 WHITE ALDER WAY,SOUTH DARTMOUTH,MA,02748-1429,,,,,,5089991228,,41653556,70922431
H,32521105,PLASTICS MATERIAL & RESIN MANUFACTURING,COVESTRO LLC,8 FAIRVIEW WAY,SOUTH DEERFIELD,MA,01373-9674,MR,SEAN,GOUSE,,SEAN GOUSE,4136657016,COVESTRO.COM,42463825,72604568
H,32221904,OTHER PAPERBOARD CONTAINER MANUFACTURING,S & J EXCO INC,200 GREAT WESTERN RD # 1,SOUTH DENNIS,MA,02660-3733,MR,JOHN,SHEA,,JOHN SHEA,5083984000,SJEXCO.COM,41690540,70138099
H,31331035,TEXTILE & FABRIC FINISHING MILLS,ASSOCIATED TEXTILE CO,24 NORFOLK AVE # E,SOUTH EASTON,MA,02375-1914,,,,,,5082307900,,42048507,71075935
H,32222002,PAPER BAG & COATED & TREATED PAPER MANUFACTURING,COVERIS ADVANCED COATINGS,28 GAYLORD ST,SOUTH HADLEY,MA,01075-2838,MR,GREG,WILLIAMS,,GREG WILLIAMS,4135367800,EXOPACKADVANCEDCOATINGS.COM,42219760,72595375
H,32221907,OTHER PAPERBOARD CONTAINER MANUFACTURING,K & K THERMOFORMING,380 ELM ST,SOUTHBRIDGE,MA,01550-3028,MR,KEN,RICHARDS,,KEN RICHARDS,5087647700,K-KTHERMOFORMING.COM,42065639,72037826
H,32222015,PAPER BAG & COATED & TREATED PAPER MANUFACTURING,L & P PAPER INC,PO BOX 96,SOUTHBRIDGE,MA,01550-0096,MR,MARTIN R,GUBB,,MARTIN R GUBB,5082482041,,42112537,72010894
H,31499924,ALL OTHER MISCELLANEOUS TEXTILE PRODUCT MILLS,STITCH IN TIME TEXTILES,64 MILL ST # 104,SOUTHBRIDGE,MA,01550-1178,,,S,,,7744028530,,42082588,72043670
H,31499908,ALL OTHER MISCELLANEOUS TEXTILE PRODUCT MILLS,AGNOLI SIGN CO INC,PO BOX 1055,SPRINGFIELD,MA,01101-1055,MR,DON,AGNOLI,,DON AGNOLI,4137325111,AGNOLISIGN.COM,42110195,72585632
H,31499921,ALL OTHER MISCELLANEOUS TEXTILE PRODUCT MILLS,ASSOCIATED ADVERTISING CORP,1221 SUMNER AVE,SPRINGFIELD,MA,01118-2160,JEFFREY T,BARBEAU,S,M,JEFFREY T BARBEAU,4137362605,AWARDSCOMPANY.COM,42090759,72532638
H,31499921,ALL OTHER MISCELLANEOUS TEXTILE PRODUCT MILLS,ATHLETIC EMBLEM & LETTERING CO,189 TAYLOR ST,SPRINGFIELD,MA,01105-1747,MR,JOHN,SCRIBNER,,JOHN SCRIBNER,4137338151,,42108020,72588645
H,31321006,BROADWOVEN FABRIC MILLS,DALE COTTON SALES,143 MAIN ST,SPRINGFIELD,MA,01105-2405,,,,,,4133016402,,42088520,72578132
H,31499908,ALL OTHER MISCELLANEOUS TEXTILE PRODUCT MILLS,FLAG FABLES INC,113 VERMONT ST,SPRINGFIELD,MA,01108-8149,WENDY,DIAMOND,S,F,WENDY DIAMOND,4137470525,FLAGFABLES.COM,42088417,72551223
H,31499921,ALL OTHER MISCELLANEOUS TEXTILE PRODUCT MILLS,MAMMA SASS STITCHES,54 KANE ST,SPRINGFIELD,MA,01119-2624,DANIELLE,MCCAULEY,S,F,DANIELLE MCCAULEY,,,42117649,72500228
H,31331035,TEXTILE & FABRIC FINISHING MILLS,VILMAS TEXTILES,434 BELMONT AVE,SPRINGFIELD,MA,01108-1711,MS,VILMA,HERNANDEZ,,VILMA HERNANDEZ,4133424434,VILMATEXTILES.JIMDOFREE.COM,42086784,72562065
H,32222013,PAPER BAG & COATED & TREATED PAPER MANUFACTURING,NORTHEAST POLY BAG,2 NORTHEAST BLVD,STERLING,MA,01564-2338,MR,LADD,LAVALLEE,,LADD LAVALLEE,9784223371,,42452522,71739875
H,32221905,OTHER PAPERBOARD CONTAINER MANUFACTURING,OFS FITEL LLC,50 HALL RD,STURBRIDGE,MA,01566-1299,,DURGESH,VAIDYA,,DURGESH VAIDYA,5083472261,OFSOPTICS.COM,42110889,72067741
H,32521105,PLASTICS MATERIAL & RESIN MANUFACTURING,ENTEC POLYMERS,166 STONE SCHOOL RD,SUTTON,MA,01590-3725,KEN,PEN,S,M,KEN PEN,5088652001,ENTECPOLYMERS.COM,42148796,71715713
H,31499908,ALL OTHER MISCELLANEOUS TEXTILE PRODUCT MILLS,FLAG & GIFT STORE,28 LANCELOT TER,SWANSEA,MA,02777-3711,,,,,,5086756400,,41753772,71176437
H,31499908,ALL OTHER MISCELLANEOUS TEXTILE PRODUCT MILLS,FLAGS PLUS,2555 GAR HWY,SWANSEA,MA,02777-3340,,,,,,5083796044,,41774501,71270935
H,31499924,ALL OTHER MISCELLANEOUS TEXTILE PRODUCT MILLS,AVILA TEXTILE INC,437 WHITTENTON ST,TAUNTON,MA,02780-7513,MANUEL,AVILA,S,M,MANUEL AVILA,5088285882,AVILATEXTILES.COM,41925186,71104492
H,32222001,PAPER BAG & COATED & TREATED PAPER MANUFACTURING,HARPAK-ULMA PACKAGING LLC,175 JOHN QUINCY ADAMS RD,TAUNTON,MA,02780-1035,MR,KEVIN,ROACH,,KEVIN ROACH,5082388884,HARPAK-ULMA.COM,41947162,71132324
H,31323002,NONWOVEN FABRIC MILLS,DELAWARE VALLEY CORP,600 WOBURN ST,TEWKSBURY,MA,01876-3441,MR,TIM,CURTIS,,TIM CURTIS,9784596932,DVC500.COM,42608734,71283264
H,32521104,PLASTICS MATERIAL & RESIN MANUFACTURING,NEXEO PLASTICS,400 MAIN ST,TEWKSBURY,MA,01876-2538,MR,TOM,KONOP,,TOM KONOP,9788510470,NEXEOSOLUTIONS.COM,42622638,71257217
H,31491013,TEXTILE BAG & CANVAS MILLS,READY AWNING,98 N BILLERICA RD,TEWKSBURY,MA,01876-3510,FRED,READY,S,M,FRED READY,9788513963,READYAWNING.WORDPRESS.COM,42616737,71278678
H,31499921,ALL OTHER MISCELLANEOUS TEXTILE PRODUCT MILLS,SEW CRAFTY,170 MAIN ST # G09,TEWKSBURY,MA,01876-1764,,,S,,,9784553873,,42626129,71267417
H,31499921,ALL OTHER MISCELLANEOUS TEXTILE PRODUCT MILLS,SEW TOGETHER,2297 MAIN ST,TEWKSBURY,MA,01876-3167,,,S,,,9782030291,SEW-TOGETHER.COM,42580471,71195053
H,31311008,FIBER YARN & THREAD MILLS,SWEAT SHOP,PO BOX 824,VINEYARD HAVEN,MA,02568-0824,RICHARD,MELLO,S,M,RICHARD MELLO,5086939592,MVSCREENPRINT.COM,41426208,70576980
H,31524002,WOMEN'S GIRLS' & INFANTS' CUT & SEW APPAREL MFG,FLORENCE'S FASHIONS INC,68 ALBION ST,WAKEFIELD,MA,01880-2803,BARBARA,MIRLOCCA,S,F,BARBARA MIRLOCCA,7812451385,,42502632,71072990
H,31411002,CARPET & RUG MILLS,MOHAWK INDUSTRIES INC,15 WALPOLE PARK S # 8,WALPOLE,MA,02081-2561,,,,,,5086608935,MOHAWKIND.COM,42114982,71243309
H,32229101,SANITARY PAPER PRODUCT MANUFACTURING,G & G MEDICAL,6 E MAIN ST,WARE,MA,01082-1355,,,,,,4139676201,,42259254,72236671
H,31524023,WOMEN'S GIRLS' & INFANTS' CUT & SEW APPAREL MFG,WILTON CHILDRENS STORE,PO BOX 329,WARE,MA,01082-0329,ROBERT,MC LEAN,S,M,ROBERT MC LEAN,4139675811,WILTONKIDS.COM,42259071,72239196
H,31331020,TEXTILE & FABRIC FINISHING MILLS,AARON INT ENT INC AFRICAN,23 ELM ST,WATERTOWN,MA,02472-2878,MR,RAJ,MALRANI,,RAJ MALRANI,6177831500,AARONINTERNATIONAL.COM,42363445,71155418
H,31499924,ALL OTHER MISCELLANEOUS TEXTILE PRODUCT MILLS,AARON INTERNATIONAL,23 ELM ST # 2,WATERTOWN,MA,02472-2878,EKTA,MALRANI,S,F,EKTA MALRANI,6177440055,AARONINTERNATIONAL.COM,42363445,71155418
H,31499921,ALL OTHER MISCELLANEOUS TEXTILE PRODUCT MILLS,NEW ENGLAND FLAG & BANNER,PO BOX 306,WATERTOWN,MA,02471-0306,MR,NED,FLYNN,,NED FLYNN,6177821892,NEWENGLANDFLAGANDBANNER.COM,42476951,71119377
H,31331020,TEXTILE & FABRIC FINISHING MILLS,JM FABRIC SALES INC,32 SYCAMORE RD,WAYLAND,MA,01778-4014,MS,JULIE,MANNING,,JULIE MANNING,5086533108,JMFABRICSALES.COM,42332290,71375106
H,31411002,CARPET & RUG MILLS,ROCKDALE RUG & BRAID MALL INC,36 SKYVIEW LN,WEBSTER,MA,01570-3239,MS,CYNTHIA S,JOHNSON,,CYNTHIA S JOHNSON,,,42047935,71827293
H,31519008,OTHER APPAREL KNITTING MILLS,SEA HAVEN TOWELS,25 BARNHILL RD,WEST BARNSTABLE,MA,02668-1307,CHRIS,HAVEN,S,M,CHRIS HAVEN,5083628784,WW12.SEAHAVENTOWELS.COM,41708175,70395828
H,32223003,STATIONERY PRODUCT MANUFACTURING,NEW ENGLAND ENVELOPE,99 HARTWELL ST,WEST BOYLSTON,MA,01583-2474,,,S,,,6466526512,NEECO.COM,42337135,71777076
H,32521105,PLASTICS MATERIAL & RESIN MANUFACTURING,CAST-COAT INC,354 WEST ST # 1,WEST BRIDGEWATER,MA,02379-1498,MR,ROBERT S,LOTHROP,,ROBERT S LOTHROP,5085874502,,42022899,71050048
H,31331014,TEXTILE & FABRIC FINISHING MILLS,GREMARCO INDUSTRIES INC,PO BOX 1041,WEST BROOKFIELD,MA,01585-1041,MR,JIM,PHILLIPS,,JIM PHILLIPS,5088675244,GREMARCO.COM,42229442,72133079
H,32221907,OTHER PAPERBOARD CONTAINER MANUFACTURING,HARDIGG CUSTOM SVC,10 WEST ST,WEST HATFIELD,MA,01088-9554,,,,,,4132473330,,42367252,72636207
H,32521105,PLASTICS MATERIAL & RESIN MANUFACTURING,MASS POLYMERS CORP,1191 WASHINGTON ST # 3,WEST NEWTON,MA,02465-2152,MR,STEPHEN M,DAZZO,,STEPHEN M DAZZO,6179649400,,42349460,71222373
H,32221102,CORRUGATED & SOLID FIBER BOX MANUFACTURING,MT TOM BOX CO,190 INTERSTATE DR,WEST SPRINGFIELD,MA,01089-4582,MR,DAVID,STRAUSS,,DAVID STRAUSS,4137815300,KEYCONTAINERCORP.COM,42159824,72649017
H,31499924,ALL OTHER MISCELLANEOUS TEXTILE PRODUCT MILLS,OSGOOD TEXTILE CO INC,333 PARK ST,WEST SPRINGFIELD,MA,01089-3393,JEFF,PASSO,S,M,JEFF PASSO,4137376488,OSGOODTEXTILE.COM,42101528,72624847
H,31499924,ALL OTHER MISCELLANEOUS TEXTILE PRODUCT MILLS,UNITED INDUSTRIAL TEXTILE PROD,136 BLISS ST,WEST SPRINGFIELD,MA,01089-3435,,,S,,,4132662027,,42103046,72618812
H,31321017,BROADWOVEN FABRIC MILLS,SPERRY SAILS,28 PATTERSONS BROOK RD,WEST WAREHAM,MA,02576-1216,LEE,WESTGATE,S,M,LEE WESTGATE,7746780164,SPERRYFABRICARCHITECTURE.COM,41783229,70748893
H,32222001,PAPER BAG & COATED & TREATED PAPER MANUFACTURING,JEN-COAT2C+INC,PO BOX 274,WESTFIELD,MA,01086-0274,,,,,,,JENCOAT.COM,42114265,72748092
H,31499921,ALL OTHER MISCELLANEOUS TEXTILE PRODUCT MILLS,LOVE ALWAYS ROSE SEWING,185 RUSSELL RD,WESTFIELD,MA,01085-2141,ROSEANNA,LACAS,S,F,ROSEANNA LACAS,,,42128242,72771949
H,32221907,OTHER PAPERBOARD CONTAINER MANUFACTURING,PROAMPAC,PO BOX 274,WESTFIELD,MA,01086-0274,MR,GREGORY R,TUCKER,,GREGORY R TUCKER,4135622315,PROAMPAC.COM,42134014,72742828
H,32221901,OTHER PAPERBOARD CONTAINER MANUFACTURING,QUALITY PACKAGING & GRAPHICS,PO BOX 1338,WESTFIELD,MA,01086-1338,ROBERT,BAKER,S,M,ROBERT BAKER,4135681923,,42156463,72747993
H,32221905,OTHER PAPERBOARD CONTAINER MANUFACTURING,LINDEN PHOTONICS INC,1 PARK DR # 10,WESTFORD,MA,01886-3535,STEVE,ORIORDEN,S,M,STEVE ORIORDEN,9783927985,LINDENPHOTONICS.COM,42557250,71435539
H,32521105,PLASTICS MATERIAL & RESIN MANUFACTURING,ADVANCE COATING CO,PO BOX 457,WESTMINSTER,MA,01473-0457,MR,RUSSELL,COOK,,RUSSELL COOK,9788745921,ADVANCECOATINGS.COM,42551471,71869377
H,32221102,CORRUGATED & SOLID FIBER BOX MANUFACTURING,DS SMITH,100 SIMPLEX DR # 5,WESTMINSTER,MA,01473-1482,MR,SCOTT,ALLEN,,SCOTT ALLEN,9783451071,DSSMITH.COM,42561073,71921638
H,32221907,OTHER PAPERBOARD CONTAINER MANUFACTURING,SEABOARD FOLDING BOX,100 SIMPLEX DR # 3,WESTMINSTER,MA,01473-1482,MR,GARY,LAMBERT,,GARY LAMBERT,9783428921,SEABOARDBOX.COM,42561073,71921638
H,31332003,FABRIC COATING MILLS,CHASE COATING & LAMINATING,295 UNIVERSITY AVE,WESTWOOD,MA,02090-2315,MR,ADAM,CHASE,,ADAM CHASE,7813320700,CHASECORP.COM,42201675,71155197
H,32221102,CORRUGATED & SOLID FIBER BOX MANUFACTURING,ROMANOW CONTAINER,346 UNIVERSITY AVE,WESTWOOD,MA,02090-2309,MR,THEODORE,ROMANOW,,THEODORE ROMANOW,7813209200,ROMANOWCONTAINER.COM,42199848,71153861
H,31324005,KNIT FABRIC MILLS,RI KNITTING CO INC,1 MAIN ST # 10,WHITINSVILLE,MA,01588-2201,SCOTT,GAUVIN,S,M,SCOTT GAUVIN,5088225333,RIKNITTING.COM,42110210,71665161
H,31499908,ALL OTHER MISCELLANEOUS TEXTILE PRODUCT MILLS,FLAGS GALORE,27 MCINTOSH DR,WILBRAHAM,MA,01095-2654,,,S,,,4135994700,,42100593,72426101
H,32223004,STATIONERY PRODUCT MANUFACTURING,GOOD CAUSE GREETINGS,30 W COLONIAL RD,WILBRAHAM,MA,01095-2116,CATHY,ROBINS,S,F,CATHY ROBINS,4135431515,GOODCAUSEGREETINGS.COM,42160350,72506256
H,32221201,FOLDING PAPERBOARD BOX MANUFACTURING,PACIFIC PACKAGING PRODUCTS INC,PO BOX 697,WILMINGTON,MA,01887-0697,MR,ROBERT,GOLDSTEIN,,ROBERT GOLDSTEIN,9786579100,PACIFICPKG.COM,42528514,71145736
H,32222001,PAPER BAG & COATED & TREATED PAPER MANUFACTURING,SEALED AIR CORP,80 INDUSTRIAL WAY # 7,WILMINGTON,MA,01887-4614,TRAVIS,VERACKA,S,M,TRAVIS VERACKA,9786584488,SEALEDAIR.COM,42532207,71136566
H,32222016,PAPER BAG & COATED & TREATED PAPER MANUFACTURING,GLOBE BAG CO,39 COMMERCE WAY,WOBURN,MA,01801-1005,MR,MARK,GOLDENBERG,,MARK GOLDENBERG,7819353311,GLOBEBAG.COM,42509063,71131126
H,32521104,PLASTICS MATERIAL & RESIN MANUFACTURING,HARRINGTON INDUSTRIAL PLASTICS,11 WHEELING AVE,WOBURN,MA,01801-2008,,,,,,7819331607,,42500354,71136802
H,32521105,PLASTICS MATERIAL & RESIN MANUFACTURING,YIELD10 BIOSCIENCE INC,19 PRESIDENTIAL WAY # 200,WOBURN,MA,01801-1184,OLIVER P,PEOPLES,S,M,OLIVER P PEOPLES,6175831700,YIELD10BIO.COM,42525066,71141479
H,32521105,PLASTICS MATERIAL & RESIN MANUFACTURING,A SCHULMAN INC,53 MILLBROOK ST,WORCESTER,MA,01606-2817,MR,WAYNE,MARQUIS,,WAYNE MARQUIS,5087560002,ASCHULMAN.COM,42288837,71801521
H,32521105,PLASTICS MATERIAL & RESIN MANUFACTURING,ANCHOR PLASTICS INC,70 WEBSTER ST # 3,WORCESTER,MA,01603-1958,MR,JOSEPH,SMOLEN,,JOSEPH SMOLEN,5087532169,,42242523,71833839
H,31491010,TEXTILE BAG & CANVAS MILLS,BIGELOW PRODUCTS INC,149 GREENWOOD ST,WORCESTER,MA,01607-1517,GARETT M,LOWE,S,M,GARETT M LOWE,5087532545,BIGELOWPRODUCTS.COM,42226043,71792732
H,31499908,ALL OTHER MISCELLANEOUS TEXTILE PRODUCT MILLS,DEGEL FLAGS INC,6 FENIMORE RD,WORCESTER,MA,01609-1711,CAROL G,KAUFMAN,S,F,CAROL G KAUFMAN,5087534488,,42282905,71812973
H,31499401,ROPE CORDAGE TWINE TIRE CORD & TIRE FABRIC MILLS,ELECTROWEAVE INC,425 SHREWSBURY ST,WORCESTER,MA,01604-1638,MS,BEATRICE,ANDREWS,,BEATRICE ANDREWS,5087528932,,42271873,71773109
H,31499923,ALL OTHER MISCELLANEOUS TEXTILE PRODUCT MILLS,JEFFCO FIBRES INC,1 APPIAN WAY,WORCESTER,MA,01610-2948,LARRY,CYR,S,M,LARRY CYR,5087572547,,42241058,71815582
H,31511002,HOSIERY & SOCK MILLS,MECHANICS BLISS,15 HERMON ST,WORCESTER,MA,01610-1519,ERIC,BENANDER,S,M,ERIC BENANDER,5087538137,MB-SUPPLY.COM,42256999,71808044
H,32221102,CORRUGATED & SOLID FIBER BOX MANUFACTURING,RAND-WHITNEY GROUP LLC,1 RAND WHITNEY WAY,WORCESTER,MA,01607-1890,MR,EDWIN,DAVIS,,EDWIN DAVIS,5087912301,RANDWHITNEY.COM,42222133,71796791
H,32222001,PAPER BAG & COATED & TREATED PAPER MANUFACTURING,RAND-WHITNEY PACKAGING CORP,150 GROVE ST,WORCESTER,MA,01605-1706,MR,ART,MAHASSEL,,ART MAHASSEL,5089293400,,42278251,71801452
H,31499921,ALL OTHER MISCELLANEOUS TEXTILE PRODUCT MILLS,SEW SIMPLE,1100B PLEASANT ST,WORCESTER,MA,01602-1232,PAULA,GAUDETT,S,F,PAULA GAUDETT,5087932920,SEWSIMPLEWORCESTER.COM,42277877,71851959
H,31499923,ALL OTHER MISCELLANEOUS TEXTILE PRODUCT MILLS,WOOL WASTE,PO BOX 115,WORCESTER,MA,01613-0115,HERBERT,RASNICK,S,M,HERBERT RASNICK,5087520479,,42252422,71804641