,folder,report,RTN,address,lab,results_page,extracted_compounds
0,2-0021045 - Stow - MA Fire Academy/,lab report FA68181 soil borings 09-18-2019.pdf,2-0021045,,sgs,7,16.0
2,2-0021045 - Stow - MA Fire Academy/,lab report FA68181 soil borings 09-18-2019.pdf,2-0021045,,sgs,9,16.0
4,2-0021045 - Stow - MA Fire Academy/,lab report FA68181 soil borings 09-18-2019.pdf,2-0021045,,sgs,11,16.0
6,2-0021045 - Stow - MA Fire Academy/,lab report FA68181 soil borings 09-18-2019.pdf,2-0021045,,sgs,13,16.0
8,2-0021045 - Stow - MA Fire Academy/,lab report FA68181 soil borings 09-18-2019.pdf,2-0021045,,sgs,15,16.0
10,2-0021045 - Stow - MA Fire Academy/,lab report FA68181 soil borings 09-18-2019.pdf,2-0021045,,sgs,17,16.0
12,2-0021045 - Stow - MA Fire Academy/,lab report FA68181 soil borings 09-18-2019.pdf,2-0021045,,sgs,19,16.0
14,2-0021045 - Stow - MA Fire Academy/,lab report FA68181 soil borings 09-18-2019.pdf,2-0021045,,sgs,21,16.0
16,2-0021045 - Stow - MA Fire Academy/,lab report FA68181 soil borings 09-18-2019.pdf,2-0021045,,sgs,23,16.0
19,2-0021045 - Stow - MA Fire Academy/,lab report FA68136 stormwater_waste_wetland soil 09-17-2019.pdf,2-0021045,,sgs,10,16.0
21,2-0021045 - Stow - MA Fire Academy/,lab report FA68136 stormwater_waste_wetland soil 09-17-2019.pdf,2-0021045,,sgs,12,16.0
23,2-0021045 - Stow - MA Fire Academy/,lab report FA68136 stormwater_waste_wetland soil 09-17-2019.pdf,2-0021045,,sgs,14,16.0
24,2-0021045 - Stow - MA Fire Academy/,lab report FA68136 stormwater_waste_wetland soil 09-17-2019.pdf,2-0021045,,sgs,15,16.0
26,2-0021045 - Stow - MA Fire Academy/,lab report FA68136 stormwater_waste_wetland soil 09-17-2019.pdf,2-0021045,,sgs,17,16.0
28,2-0021045 - Stow - MA Fire Academy/,lab report FA68136 stormwater_waste_wetland soil 09-17-2019.pdf,2-0021045,,sgs,19,16.0
30,2-0021045 - Stow - MA Fire Academy/,lab report FA68136 stormwater_waste_wetland soil 09-17-2019.pdf,2-0021045,,sgs,21,16.0
32,2-0021045 - Stow - MA Fire Academy/,lab report FA68136 stormwater_waste_wetland soil 09-17-2019.pdf,2-0021045,,sgs,23,16.0
34,2-0021045 - Stow - MA Fire Academy/,lab report FA68136 stormwater_waste_wetland soil 09-17-2019.pdf,2-0021045,,sgs,25,16.0
36,2-0021045 - Stow - MA Fire Academy/,lab report FA68136 stormwater_waste_wetland soil 09-17-2019.pdf,2-0021045,,sgs,27,16.0
38,2-0021045 - Stow - MA Fire Academy/,lab report FA68136 stormwater_waste_wetland soil 09-17-2019.pdf,2-0021045,,sgs,29,16.0
40,2-0021045 - Stow - MA Fire Academy/,lab report FA68136 stormwater_waste_wetland soil 09-17-2019.pdf,2-0021045,,sgs,31,16.0
42,2-0021045 - Stow - MA Fire Academy/,lab report FA68136 stormwater_waste_wetland soil 09-17-2019.pdf,2-0021045,,sgs,33,16.0
44,2-0021045 - Stow - MA Fire Academy/,lab report FA68136 stormwater_waste_wetland soil 09-17-2019.pdf,2-0021045,,sgs,35,16.0
46,2-0021045 - Stow - MA Fire Academy/,lab report FA68136 stormwater_waste_wetland soil 09-17-2019.pdf,2-0021045,,sgs,37,16.0
48,2-0021045 - Stow - MA Fire Academy/,lab report FA68136 stormwater_waste_wetland soil 09-17-2019.pdf,2-0021045,,sgs,39,16.0
50,2-0021045 - Stow - MA Fire Academy/,lab report FA68136 stormwater_waste_wetland soil 09-17-2019.pdf,2-0021045,,sgs,41,16.0
52,2-0021045 - Stow - MA Fire Academy/,lab report FA68136 stormwater_waste_wetland soil 09-17-2019.pdf,2-0021045,,sgs,43,16.0
54,2-0021045 - Stow - MA Fire Academy/,lab report FA68136 stormwater_waste_wetland soil 09-17-2019.pdf,2-0021045,,sgs,45,16.0
56,2-0021045 - Stow - MA Fire Academy/,lab report FA68136 stormwater_waste_wetland soil 09-17-2019.pdf,2-0021045,,sgs,47,16.0
58,2-0021045 - Stow - MA Fire Academy/,lab report FA68136 stormwater_waste_wetland soil 09-17-2019.pdf,2-0021045,,sgs,49,16.0
60,2-0021045 - Stow - MA Fire Academy/,lab report FA68180 gas training area soil 09-18-2019.pdf,2-0021045,,sgs,6,16.0
62,2-0021045 - Stow - MA Fire Academy/,lab report FA68180 gas training area soil 09-18-2019.pdf,2-0021045,,sgs,8,16.0
64,2-0021045 - Stow - MA Fire Academy/,lab report FA68180 gas training area soil 09-18-2019.pdf,2-0021045,,sgs,10,16.0
66,2-0021045 - Stow - MA Fire Academy/,lab report FA68180 gas training area soil 09-18-2019.pdf,2-0021045,,sgs,12,16.0
68,2-0021045 - Stow - MA Fire Academy/,lab report FA68180 gas training area soil 09-18-2019.pdf,2-0021045,,sgs,14,16.0
70,2-0021045 - Stow - MA Fire Academy/,lab report FA68180 gas training area soil 09-18-2019.pdf,2-0021045,,sgs,16,16.0
72,2-0021045 - Stow - MA Fire Academy/,lab report FA68180 gas training area soil 09-18-2019.pdf,2-0021045,,sgs,18,16.0
74,2-0021045 - Stow - MA Fire Academy/,lab report FA68180 gas training area soil 09-18-2019.pdf,2-0021045,,sgs,20,16.0
76,2-0021045 - Stow - MA Fire Academy/,lab report FA68180 gas training area soil 09-18-2019.pdf,2-0021045,,sgs,22,16.0
78,2-0021045 - Stow - MA Fire Academy/,lab report FA68371 groundwater pfas 09-23-2019.pdf,2-0021045,,sgs,8,16.0
80,2-0021045 - Stow - MA Fire Academy/,lab report FA68371 groundwater pfas 09-23-2019.pdf,2-0021045,,sgs,10,16.0
82,2-0021045 - Stow - MA Fire Academy/,lab report FA68371 groundwater pfas 09-23-2019.pdf,2-0021045,,sgs,12,16.0
84,2-0021045 - Stow - MA Fire Academy/,lab report FA68371 groundwater pfas 09-23-2019.pdf,2-0021045,,sgs,14,16.0
86,2-0021045 - Stow - MA Fire Academy/,lab report FA68371 groundwater pfas 09-23-2019.pdf,2-0021045,,sgs,16,16.0
88,2-0021045 - Stow - MA Fire Academy/,lab report FA68371 groundwater pfas 09-23-2019.pdf,2-0021045,,sgs,18,16.0
90,2-0021045 - Stow - MA Fire Academy/,lab report FA68371 groundwater pfas 09-23-2019.pdf,2-0021045,,sgs,20,16.0
92,2-0021045 - Stow - MA Fire Academy/,lab report FA68371 groundwater pfas 09-23-2019.pdf,2-0021045,,sgs,22,16.0
94,2-0021045 - Stow - MA Fire Academy/,lab report FA68371 groundwater pfas 09-23-2019.pdf,2-0021045,,sgs,24,16.0
96,2-0021045 - Stow - MA Fire Academy/,lab report FA68135 white pond 09-17-2019.pdf,2-0021045,,sgs,6,16.0
98,2-0021045 - Stow - MA Fire Academy/,lab report FA68135 white pond 09-17-2019.pdf,2-0021045,,sgs,8,16.0
100,2-0021045 - Stow - MA Fire Academy/,lab report FA68135 white pond 09-17-2019.pdf,2-0021045,,sgs,10,16.0
102,2-0021045 - Stow - MA Fire Academy/,lab report FA68135 white pond 09-17-2019.pdf,2-0021045,,sgs,12,16.0
103,2-0021045 - Stow - MA Fire Academy/,lab report FA68135 white pond 09-17-2019.pdf,2-0021045,,sgs,13,16.0
105,2-0021045 - Stow - MA Fire Academy/,lab report FA68228 soil cmg4-7.pdf,2-0021045,,sgs,9,16.0
107,2-0021045 - Stow - MA Fire Academy/,lab report FA68228 soil cmg4-7.pdf,2-0021045,,sgs,11,16.0
109,2-0021045 - Stow - MA Fire Academy/,lab report FA68228 soil cmg4-7.pdf,2-0021045,,sgs,13,16.0
111,2-0021045 - Stow - MA Fire Academy/,lab report FA68228 soil cmg4-7.pdf,2-0021045,,sgs,15,16.0
113,2-0021045 - Stow - MA Fire Academy/,lab report FA68228 soil cmg4-7.pdf,2-0021045,,sgs,17,16.0
115,2-0021045 - Stow - MA Fire Academy/,lab report FA68228 soil cmg4-7.pdf,2-0021045,,sgs,19,16.0
117,2-0021045 - Stow - MA Fire Academy/,lab report FA68228 soil cmg4-7.pdf,2-0021045,,sgs,21,16.0
119,2-0021045 - Stow - MA Fire Academy/,lab report FA68228 soil cmg4-7.pdf,2-0021045,,sgs,23,16.0
121,2-0021045 - Stow - MA Fire Academy/,lab report FA68228 soil cmg4-7.pdf,2-0021045,,sgs,25,16.0
123,2-0021045 - Stow - MA Fire Academy/,lab report FA68228 soil cmg4-7.pdf,2-0021045,,sgs,27,16.0
125,2-0021045 - Stow - MA Fire Academy/,lab report FA68228 soil cmg4-7.pdf,2-0021045,,sgs,29,16.0
127,2-0021045 - Stow - MA Fire Academy/,lab report FA68228 soil cmg4-7.pdf,2-0021045,,sgs,31,16.0
129,2-0021045 - Stow - MA Fire Academy/,lab report FA68228 soil cmg4-7.pdf,2-0021045,,sgs,33,16.0
131,2-0021045 - Stow - MA Fire Academy/,lab report FA68229 surface water sw1.pdf,2-0021045,,sgs,7,16.0
133,2-0021045 - Stow - MA Fire Academy/,lab report FA68229 surface water sw1.pdf,2-0021045,,sgs,9,16.0
134,2-0021045 - Stow - MA Fire Academy/,lab report FA68611 slope pfas 10-03-2019.pdf,2-0021045,,sgs,7,16.0
136,2-0021045 - Stow - MA Fire Academy/,lab report FA68611 slope pfas 10-03-2019.pdf,2-0021045,,sgs,9,16.0
138,2-0021045 - Stow - MA Fire Academy/,lab report FA68611 slope pfas 10-03-2019.pdf,2-0021045,,sgs,11,16.0
148,2-0021045 - Stow - MA Fire Academy/,L2109458 - 290 Chestnut Street.pdf,2-0021045,,alpha,7,18.0
149,2-0021045 - Stow - MA Fire Academy/,L2109458 - 290 Chestnut Street.pdf,2-0021045,,alpha,8,1.0
150,2-0021045 - Stow - MA Fire Academy/,L2109458 - 290 Chestnut Street.pdf,2-0021045,,alpha,9,18.0
151,2-0021045 - Stow - MA Fire Academy/,L2109458 - 290 Chestnut Street.pdf,2-0021045,,alpha,10,18.0
152,2-0021045 - Stow - MA Fire Academy/,L2109458 - 290 Chestnut Street.pdf,2-0021045,,alpha,11,18.0
154,2-0021045 - Stow - MA Fire Academy/,L2109632 - 359 Chestnut Street.pdf,2-0021045,,alpha,7,18.0
155,2-0021045 - Stow - MA Fire Academy/,L2109632 - 359 Chestnut Street.pdf,2-0021045,,alpha,8,18.0
156,2-0021045 - Stow - MA Fire Academy/,L2109632 - 359 Chestnut Street.pdf,2-0021045,,alpha,9,18.0
157,2-0021045 - Stow - MA Fire Academy/,L2109632 - 359 Chestnut Street.pdf,2-0021045,,alpha,10,18.0
158,2-0021045 - Stow - MA Fire Academy/,L2109455 - 5 Beechnut Lane.pdf,2-0021045,,alpha,7,18.0
159,2-0021045 - Stow - MA Fire Academy/,L2109455 - 5 Beechnut Lane.pdf,2-0021045,,alpha,8,18.0
160,2-0021045 - Stow - MA Fire Academy/,L2109455 - 5 Beechnut Lane.pdf,2-0021045,,alpha,9,18.0
161,2-0021045 - Stow - MA Fire Academy/,L2109455 - 5 Beechnut Lane.pdf,2-0021045,,alpha,10,18.0
163,2-0021045 - Stow - MA Fire Academy/,L2109631 - 308 Chestnut Street.pdf,2-0021045,,alpha,7,18.0
164,2-0021045 - Stow - MA Fire Academy/,L2109631 - 308 Chestnut Street.pdf,2-0021045,,alpha,8,18.0
165,2-0021045 - Stow - MA Fire Academy/,L2109631 - 308 Chestnut Street.pdf,2-0021045,,alpha,9,18.0
166,2-0021045 - Stow - MA Fire Academy/,L2109631 - 308 Chestnut Street.pdf,2-0021045,,alpha,10,18.0
167,2-0021045 - Stow - MA Fire Academy/,Stow 156 Maple Lab Rpt Document_ID_534428.pdf,2-0021045,,sgs,7,16.0
168,2-0021045 - Stow - MA Fire Academy/,Stow 156 Maple Lab Rpt Document_ID_534428.pdf,2-0021045,,sgs,8,16.0
170,2-0021045 - Stow - MA Fire Academy/,L2109630 - 9 Beechnut Lane.pdf,2-0021045,,alpha,7,18.0
171,2-0021045 - Stow - MA Fire Academy/,L2109630 - 9 Beechnut Lane.pdf,2-0021045,,alpha,8,18.0
172,2-0021045 - Stow - MA Fire Academy/,L2109630 - 9 Beechnut Lane.pdf,2-0021045,,alpha,9,18.0
173,2-0021045 - Stow - MA Fire Academy/,L2109630 - 9 Beechnut Lane.pdf,2-0021045,,alpha,10,18.0
174,2-0021045 - Stow - MA Fire Academy/,L2112370 - 10 Beechnut Lane.pdf,2-0021045,,alpha,7,18.0
175,2-0021045 - Stow - MA Fire Academy/,L2112370 - 10 Beechnut Lane.pdf,2-0021045,,alpha,8,18.0
176,2-0021045 - Stow - MA Fire Academy/,L2112370 - 10 Beechnut Lane.pdf,2-0021045,,alpha,9,18.0
177,2-0021045 - Stow - MA Fire Academy/,L2112370 - 10 Beechnut Lane.pdf,2-0021045,,alpha,10,18.0
178,2-0021045 - Stow - MA Fire Academy/,L2112370 - 10 Beechnut Lane.pdf,2-0021045,,alpha,11,18.0
179,2-0021045 - Stow - MA Fire Academy/,L2112370 - 10 Beechnut Lane.pdf,2-0021045,,alpha,12,18.0
180,2-0021045 - Stow - MA Fire Academy/,L2112370 - 10 Beechnut Lane.pdf,2-0021045,,alpha,13,18.0
181,2-0021045 - Stow - MA Fire Academy/,L2109463 - 341 Chestnut Street.pdf,2-0021045,,alpha,7,18.0
182,2-0021045 - Stow - MA Fire Academy/,L2109463 - 341 Chestnut Street.pdf,2-0021045,,alpha,8,18.0
183,2-0021045 - Stow - MA Fire Academy/,L2109463 - 341 Chestnut Street.pdf,2-0021045,,alpha,9,18.0
184,2-0021045 - Stow - MA Fire Academy/,L2109463 - 341 Chestnut Street.pdf,2-0021045,,alpha,10,18.0
185,2-0021045 - Stow - MA Fire Academy/,L2109633 - 3 Beechnut Lane.pdf,2-0021045,,alpha,7,18.0
186,2-0021045 - Stow - MA Fire Academy/,L2109633 - 3 Beechnut Lane.pdf,2-0021045,,alpha,8,18.0
187,2-0021045 - Stow - MA Fire Academy/,L2109633 - 3 Beechnut Lane.pdf,2-0021045,,alpha,9,18.0
188,2-0021045 - Stow - MA Fire Academy/,L2109633 - 3 Beechnut Lane.pdf,2-0021045,,alpha,10,18.0
189,2-0021045 - Stow - MA Fire Academy/,L2109634 - 307 Chestnut Street.pdf,2-0021045,,alpha,7,18.0
190,2-0021045 - Stow - MA Fire Academy/,L2109634 - 307 Chestnut Street.pdf,2-0021045,,alpha,8,18.0
191,2-0021045 - Stow - MA Fire Academy/,L2109634 - 307 Chestnut Street.pdf,2-0021045,,alpha,9,18.0
192,2-0021045 - Stow - MA Fire Academy/,L2109634 - 307 Chestnut Street.pdf,2-0021045,,alpha,10,18.0
195,2-0021045 - Stow - MA Fire Academy/,gleasondale surface water data_11182021.pdf,2-0021045,,sgs,8,14.0
197,2-0021045 - Stow - MA Fire Academy/,gleasondale surface water data_11182021.pdf,2-0021045,,sgs,10,14.0
199,2-0021045 - Stow - MA Fire Academy/,gleasondale surface water data_11182021.pdf,2-0021045,,sgs,12,14.0
201,2-0021045 - Stow - MA Fire Academy/,gleasondale surface water data_11182021.pdf,2-0021045,,sgs,14,14.0
203,2-0021045 - Stow - MA Fire Academy/,gleasondale surface water data_11182021.pdf,2-0021045,,sgs,16,14.0
205,2-0021045 - Stow - MA Fire Academy/,gleasondale surface water data_11182021.pdf,2-0021045,,sgs,18,14.0
207,2-0021045 - Stow - MA Fire Academy/,L2109456 - 3 Stony Brook Road.pdf,2-0021045,,alpha,7,18.0
208,2-0021045 - Stow - MA Fire Academy/,L2109456 - 3 Stony Brook Road.pdf,2-0021045,,alpha,8,18.0
209,2-0021045 - Stow - MA Fire Academy/,L2109456 - 3 Stony Brook Road.pdf,2-0021045,,alpha,9,18.0
210,2-0021045 - Stow - MA Fire Academy/,L2109456 - 3 Stony Brook Road.pdf,2-0021045,,alpha,10,18.0
211,2-0021045 - Stow - MA Fire Academy/,L2109460 - 300 Chestnut Street.pdf,2-0021045,,alpha,7,18.0
212,2-0021045 - Stow - MA Fire Academy/,L2109460 - 300 Chestnut Street.pdf,2-0021045,,alpha,8,18.0
213,2-0021045 - Stow - MA Fire Academy/,L2109460 - 300 Chestnut Street.pdf,2-0021045,,alpha,9,18.0
214,2-0021045 - Stow - MA Fire Academy/,L2109460 - 300 Chestnut Street.pdf,2-0021045,,alpha,10,18.0
215,2-0021045 - Stow - MA Fire Academy/,L2109626 - 296 Chestnut Street.pdf,2-0021045,,alpha,8,18.0
216,2-0021045 - Stow - MA Fire Academy/,L2109626 - 296 Chestnut Street.pdf,2-0021045,,alpha,9,1.0
217,2-0021045 - Stow - MA Fire Academy/,L2109626 - 296 Chestnut Street.pdf,2-0021045,,alpha,10,18.0
218,2-0021045 - Stow - MA Fire Academy/,L2109626 - 296 Chestnut Street.pdf,2-0021045,,alpha,11,18.0
219,2-0021045 - Stow - MA Fire Academy/,L2109626 - 296 Chestnut Street.pdf,2-0021045,,alpha,12,18.0
220,2-0021045 - Stow - MA Fire Academy/,L2115773 - 343 Chestnut Street.pdf,2-0021045,,alpha,7,18.0
221,2-0021045 - Stow - MA Fire Academy/,L2115773 - 343 Chestnut Street.pdf,2-0021045,,alpha,8,18.0
222,2-0021045 - Stow - MA Fire Academy/,L2115773 - 343 Chestnut Street.pdf,2-0021045,,alpha,9,18.0
223,2-0021045 - Stow - MA Fire Academy/,L2115773 - 343 Chestnut Street.pdf,2-0021045,,alpha,10,18.0
224,2-0021045 - Stow - MA Fire Academy/,L2109461 - 305 Chestnut Street.pdf,2-0021045,,alpha,7,18.0
225,2-0021045 - Stow - MA Fire Academy/,L2109461 - 305 Chestnut Street.pdf,2-0021045,,alpha,8,18.0
226,2-0021045 - Stow - MA Fire Academy/,L2109461 - 305 Chestnut Street.pdf,2-0021045,,alpha,9,18.0
227,2-0021045 - Stow - MA Fire Academy/,L2109461 - 305 Chestnut Street.pdf,2-0021045,,alpha,10,18.0
228,2-0021045 - Stow - MA Fire Academy/,L2112364 - 264 Chestnut Street.pdf,2-0021045,,alpha,7,18.0
229,2-0021045 - Stow - MA Fire Academy/,L2112364 - 264 Chestnut Street.pdf,2-0021045,,alpha,8,18.0
230,2-0021045 - Stow - MA Fire Academy/,L2112364 - 264 Chestnut Street.pdf,2-0021045,,alpha,9,18.0
231,2-0021045 - Stow - MA Fire Academy/,L2112364 - 264 Chestnut Street.pdf,2-0021045,,alpha,10,18.0
232,2-0021045 - Stow - MA Fire Academy/,L2112364 - 264 Chestnut Street.pdf,2-0021045,,alpha,11,18.0
233,2-0021045 - Stow - MA Fire Academy/,L2112364 - 264 Chestnut Street.pdf,2-0021045,,alpha,12,18.0
234,2-0021045 - Stow - MA Fire Academy/,L2112364 - 264 Chestnut Street.pdf,2-0021045,,alpha,13,18.0
235,2-0021045 - Stow - MA Fire Academy/,L2109458 - 290 Chestnut Street 2.pdf,2-0021045,,alpha,7,18.0
236,2-0021045 - Stow - MA Fire Academy/,L2109458 - 290 Chestnut Street 2.pdf,2-0021045,,alpha,8,1.0
237,2-0021045 - Stow - MA Fire Academy/,L2109458 - 290 Chestnut Street 2.pdf,2-0021045,,alpha,9,18.0
238,2-0021045 - Stow - MA Fire Academy/,L2109458 - 290 Chestnut Street 2.pdf,2-0021045,,alpha,10,18.0
239,2-0021045 - Stow - MA Fire Academy/,L2109458 - 290 Chestnut Street 2.pdf,2-0021045,,alpha,11,18.0
240,2-0021045 - Stow - MA Fire Academy/,FA84312 - 343 Chestnut Street HO.pdf,2-0021045,,sgs,6,14.0
241,2-0021045 - Stow - MA Fire Academy/,FA84312 - 343 Chestnut Street HO.pdf,2-0021045,,sgs,7,14.0
242,2-0021045 - Stow - MA Fire Academy/,FA84312 - 343 Chestnut Street HO.pdf,2-0021045,,sgs,8,14.0
243,2-0021045 - Stow - MA Fire Academy/,FA84312 - 343 Chestnut Street HO.pdf,2-0021045,,sgs,9,14.0
244,2-0021045 - Stow - MA Fire Academy/,FA84312 - 343 Chestnut Street HO.pdf,2-0021045,,sgs,10,14.0
245,2-0021045 - Stow - MA Fire Academy/,L2109462 - 343 Chestnut Street.pdf,2-0021045,,alpha,7,18.0
246,2-0021045 - Stow - MA Fire Academy/,L2109462 - 343 Chestnut Street.pdf,2-0021045,,alpha,8,18.0
247,2-0021045 - Stow - MA Fire Academy/,L2109462 - 343 Chestnut Street.pdf,2-0021045,,alpha,9,18.0
248,2-0021045 - Stow - MA Fire Academy/,L2109462 - 343 Chestnut Street.pdf,2-0021045,,alpha,10,18.0
249,2-0021072 - PRINCETON - PFAS/,44 Gregory Hill Road 2-5-20.pdf,2-0021072,"44 Grocery Hill Road, Princeton, MA",con-test,5,18.0
250,2-0021072 - PRINCETON - PFAS/,21 Prospect Street 2-5-20.pdf,2-0021072,"21 Prospect St., Princeton, MA",con-test,5,18.0
251,2-0021072 - PRINCETON - PFAS/,33 Hubbardson Road 2-5-20.pdf,2-0021072,"33 Hubbardston Rd, Princeton, MA",con-test,5,18.0
252,2-0021072 - PRINCETON - PFAS/,16 Worcester Road 2-5-20.pdf,2-0021072,"16 Worcester Rd., Princeton, MA",con-test,5,18.0
253,2-0021072 - PRINCETON - PFAS/,23 Worcester Road 2-5-20.pdf,2-0021072,"23 Worcester Rd., Princeton, MA",con-test,5,18.0
254,2-0021072 - PRINCETON - PFAS/,23 Worcester Road 2-5-20.pdf,2-0021072,"23 Worcester Rd. FB, Princeton, MA",con-test,6,18.0
255,2-0021072 - PRINCETON - PFAS/,23 Worcester Road 2-5-20.pdf,2-0021072,"TB-02052019, Princeton, MA",con-test,7,18.0
256,2-0021072 - PRINCETON - PFAS/,26 Prospect Street 2-6-20.pdf,2-0021072,"26 Prospect St, Princeton, MA",con-test,5,18.0
257,2-0021072 - PRINCETON - PFAS/,36 Hubbardston Road 2-6-20.pdf,2-0021072,"36 Hubbardston Rd, Princeton, MA",con-test,5,18.0
258,2-0021072 - PRINCETON - PFAS/,33 Mountain Road 2-7-20.pdf,2-0021072,"33 Mountain Rd., Princeton, MA",con-test,5,18.0
259,2-0021072 - PRINCETON - PFAS/,17 Worcester Road 2-10-20.pdf,2-0021072,"17 Worcester Rd., Princeton, MA",con-test,5,18.0
260,2-0021072 - PRINCETON - PFAS/,21 Boylston Avenue 2-19-20.pdf,2-0021072,"21 Boylston Ave, Princeton, MA",con-test,5,18.0
261,2-0021072 - PRINCETON - PFAS/,21 Boylston Avenue 2-19-20.pdf,2-0021072,"21 Boylston Ave FB, Princeton, MA",con-test,6,18.0
262,2-0021072 - PRINCETON - PFAS/,21 Boylston Avenue 2-19-20.pdf,2-0021072,"TB-02192020, Princeton, MA",con-test,7,18.0
263,2-0021072 - PRINCETON - PFAS/,12 Allen Hill Road 2-19-20.pdf,2-0021072,"12 Allen Hill Rd, Princeton, MA",con-test,5,18.0
264,2-0021072 - PRINCETON - PFAS/,11 Radford Road 2-14-20.pdf,2-0021072,"11 Radford Rd, Princeton, MA",con-test,5,18.0
265,2-0021072 - PRINCETON - PFAS/,38 Mountain Road 2-14-20.pdf,2-0021072,"38 Mountain Rd, Princeton, MA",con-test,5,18.0
266,2-0021072 - PRINCETON - PFAS/,51 Mountain Road 2-12-20.pdf,2-0021072,"51 Mountain Rd, Princeton, MA",con-test,5,18.0
267,2-0021072 - PRINCETON - PFAS/,42 Hubbardson Road 2-10-20.pdf,2-0021072,"42 Hubbardston Rd, Princeton, MA",con-test,5,18.0
268,2-0021072 - PRINCETON - PFAS/,48 Hubbardston Road 2-12-20.pdf,2-0021072,"48 Hubbardston Rd, Princeton, MA",con-test,5,18.0
269,2-0021072 - PRINCETON - PFAS/,46 Hubbardston Road 2-12-20.pdf,2-0021072,"46 Hubbardston Rd, Princeton, MA",con-test,5,18.0
270,2-0021072 - PRINCETON - PFAS/,44 Hubbardston Road 2-10-20.pdf,2-0021072,"44 Hubbardston Rd, Princeton, MA",con-test,5,18.0
271,2-0021072 - PRINCETON - PFAS/,52 Hubbardston Road 2-12-20.pdf,2-0021072,"52 Hubbardston Rd, Princeton, MA",con-test,5,18.0
272,2-0021072 - PRINCETON - PFAS/,9 Allen Hill Road 2-12-20.pdf,2-0021072,"9 Allan Hill rd, Princeton, MA",con-test,5,18.0
273,2-0021072 - PRINCETON - PFAS/,9 Allen Hill Road 2-12-20.pdf,2-0021072,"Trip Blank TB-02122020, Princeton, MA",con-test,6,18.0
274,2-0021072 - PRINCETON - PFAS/,9 Allen Hill Road 2-12-20.pdf,2-0021072,"9 Allan Hill rd FB, Princeton, MA",con-test,7,18.0
275,2-0021072 - PRINCETON - PFAS/,85 Merriam Road 2-26-20.pdf,2-0021072,"85 Merrian Rd, Princeton, MA",con-test,5,18.0
276,2-0021072 - PRINCETON - PFAS/,58 Mountain Road 2-26-20.pdf,2-0021072,"58 Mountain Rd, Princeton, MA",con-test,5,18.0
277,2-0021072 - PRINCETON - PFAS/,54 Mountain Road 2-26-20.pdf,2-0021072,"54 Mountain Rd, Princeton, MA",con-test,5,18.0
278,2-0021072 - PRINCETON - PFAS/,54 Mountain Road 2-26-20.pdf,2-0021072,"54 Mountain Rd FB, Princeton, MA",con-test,6,18.0
279,2-0021072 - PRINCETON - PFAS/,8 Radford Road 2-28-20.pdf,2-0021072,"8 Radford Rd, Princeton, MA",con-test,5,18.0
280,2-0021072 - PRINCETON - PFAS/,105 Merriam Road 2-28-20.pdf,2-0021072,"105 Merriam Rd, Princeton, MA",con-test,5,18.0
281,2-0021072 - PRINCETON - PFAS/,7 Radford Road 2-28-20.pdf,2-0021072,"7 Radford Rd, Princeton, MA",con-test,5,18.0
282,2-0021072 - PRINCETON - PFAS/,21 Gregory Hill Road 2-28-20.pdf,2-0021072,"21 Gregory Hill Rd, Princeton, MA",con-test,5,18.0
283,2-0021072 - PRINCETON - PFAS/,21G1343_2 Contest_Final 08 05 21 1441.pdf,2-0021072,"7 Prospect Inf, Princeton, MA",con-test,5,18.0
284,2-0021072 - PRINCETON - PFAS/,21G1343_2 Contest_Final 08 05 21 1441.pdf,2-0021072,"7 Prospect Mid, Princeton, MA",con-test,6,18.0
285,2-0021072 - PRINCETON - PFAS/,21G1343_2 Contest_Final 08 05 21 1441.pdf,2-0021072,"7 Prospect Eff, Princeton, MA",con-test,7,18.0
286,2-0021072 - PRINCETON - PFAS/,21G1340_2 Contest_Final 08 05 21 1439.pdf,2-0021072,"12 Boylston Inf, Princeton, MA",con-test,5,18.0
287,2-0021072 - PRINCETON - PFAS/,21G1340_2 Contest_Final 08 05 21 1439.pdf,2-0021072,"12 Boylston Mid, Princeton, MA",con-test,6,18.0
288,2-0021072 - PRINCETON - PFAS/,21G1340_2 Contest_Final 08 05 21 1439.pdf,2-0021072,"12 Boylston Eff, Princeton, MA",con-test,7,18.0
289,2-0021072 - PRINCETON - PFAS/,21G1340_2 Contest_Final 08 05 21 1439.pdf,2-0021072,"12 Boylston FB, Princeton, MA",con-test,8,18.0
290,2-0021072 - PRINCETON - PFAS/,21G1340_2 Contest_Final 08 05 21 1439.pdf,2-0021072,"Trip blank, Princeton, MA",con-test,9,18.0
291,2-0021072 - PRINCETON - PFAS/,21F0494_2 Contest_Final 06 22 21 1615.pdf,2-0021072,"42 Hubbardston  INF, 42 Hubbardston",con-test,5,18.0
292,2-0021072 - PRINCETON - PFAS/,21F0494_2 Contest_Final 06 22 21 1615.pdf,2-0021072,"42 Hubbardston  MID, 42 Hubbardston",con-test,6,18.0
293,2-0021072 - PRINCETON - PFAS/,21F0494_2 Contest_Final 06 22 21 1615.pdf,2-0021072,"42 Hubbardston EFF, 42 Hubbardston",con-test,7,18.0
294,2-0021072 - PRINCETON - PFAS/,21F0494_2 Contest_Final 06 22 21 1615.pdf,2-0021072,"42 Hubbardston  FB, 42 Hubbardston",con-test,8,18.0
295,2-0021072 - PRINCETON - PFAS/,21F0494_2 Contest_Final 06 22 21 1615.pdf,2-0021072,"TB-06032021, 42 Hubbardston",con-test,9,18.0
296,2-0021072 - PRINCETON - PFAS/,21E1681_2 Contest_Final 06 14 21 0634.pdf,2-0021072,"16 Bolyston Inf, 16 Bolyston, Princeton, MA",con-test,5,18.0
297,2-0021072 - PRINCETON - PFAS/,21E1681_2 Contest_Final 06 14 21 0634.pdf,2-0021072,"16 Bolyston Mid, 16 Bolyston, Princeton, MA",con-test,6,18.0
298,2-0021072 - PRINCETON - PFAS/,21E1681_2 Contest_Final 06 14 21 0634.pdf,2-0021072,"16 Bolyston Eff, 16 Bolyston, Princeton, MA",con-test,7,18.0
299,2-0021072 - PRINCETON - PFAS/,21E1681_2 Contest_Final 06 14 21 0634.pdf,2-0021072,"TB-05272021, 16 Bolyston, Princeton, MA",con-test,8,18.0
300,2-0021072 - PRINCETON - PFAS/,21E1681_2 Contest_Final 06 14 21 0634.pdf,2-0021072,"16 Bolyston FB, 16 Bolyston, Princeton, MA",con-test,9,18.0
301,2-0021072 - PRINCETON - PFAS/,21E1682_2 Contest_Final 06 09 21 1101.pdf,2-0021072,"39 Hubbardston Inf, 39 Hubbardston, Princeton, MA",con-test,5,18.0
302,2-0021072 - PRINCETON - PFAS/,21E1682_2 Contest_Final 06 09 21 1101.pdf,2-0021072,"39 Hubbardston Mid, 39 Hubbardston, Princeton, MA",con-test,6,18.0
303,2-0021072 - PRINCETON - PFAS/,21E1682_2 Contest_Final 06 09 21 1101.pdf,2-0021072,"39 Hubbardston Eff, 39 Hubbardston, Princeton, MA",con-test,7,18.0
304,2-0021072 - PRINCETON - PFAS/,21G1707_2 Contest_Final 08 11 21 0941.pdf,2-0021072,"29 Brooks Station, 29 Brooks Station Princeton, MA",con-test,5,18.0
305,2-0021072 - PRINCETON - PFAS/,21E1085_2 Contest_Final 06 02 21 1114.pdf,2-0021072,"13 Bolyston, 13 Bolyston, Princeton, MA",con-test,5,18.0
306,2-0021072 - PRINCETON - PFAS/,21E1085_2 Contest_Final 06 02 21 1114.pdf,2-0021072,"13 Bolyston FB, 13 Bolyston, Princeton, MA",con-test,6,18.0
307,2-0021072 - PRINCETON - PFAS/,21E1085_2 Contest_Final 06 02 21 1114.pdf,2-0021072,"TB-05182021, 13 Bolyston, Princeton, MA",con-test,7,18.0
308,2-0021072 - PRINCETON - PFAS/,20L1072_2 Contest_Final 01 04 21 1539.pdf,2-0021072,"33 Allen Hill, Princeton, MA",con-test,5,18.0
309,2-0021072 - PRINCETON - PFAS/,20L1072_2 Contest_Final 01 04 21 1539.pdf,2-0021072,"33 Allen Hill FB, Princeton, MA",con-test,6,18.0
310,2-0021072 - PRINCETON - PFAS/,21A0858_2 Contest_Final 02 09 21 1551.pdf,2-0021072,"40 Bolyston, 40 Bolyston, Princeton, MA",con-test,5,18.0
311,2-0021072 - PRINCETON - PFAS/,20L1071_2 Contest_Final 01 04 21 1531.pdf,2-0021072,"1 Worcester, Princeton, MA",con-test,5,18.0
312,2-0021072 - PRINCETON - PFAS/,21A0861_2 Contest_Final 02 09 21 1552.pdf,2-0021072,"20 Worcester, 20 Worcester Princeton, MA",con-test,5,18.0
313,2-0021072 - PRINCETON - PFAS/,21A0863_2 Contest_Final 02 09 21 1554.pdf,2-0021072,"37 Radford, 37 Radford, Princeton, MA",con-test,5,18.0
314,2-0021072 - PRINCETON - PFAS/,21A0856_2 Contest_Final 02 09 21 1550.pdf,2-0021072,"105 Merriam, 105 Merriam, Princeton, MA",con-test,5,18.0
315,2-0021072 - PRINCETON - PFAS/,21A0856_2 Contest_Final 02 09 21 1550.pdf,2-0021072,"105 Merriam DUP, 105 Merriam, Princeton, MA",con-test,6,18.0
316,2-0021072 - PRINCETON - PFAS/,21A0856_2 Contest_Final 02 09 21 1550.pdf,2-0021072,"105 Merriam FB, 105 Merriam, Princeton, MA",con-test,7,18.0
317,2-0021072 - PRINCETON - PFAS/,21A0856_2 Contest_Final 02 09 21 1550.pdf,2-0021072,"TB-01202021, 105 Merriam, Princeton, MA",con-test,8,18.0
318,2-0021072 - PRINCETON - PFAS/,21A0857_2 Contest_Final 02 05 21 1017.pdf,2-0021072,"17 Bolyston, 17 Bolyston, Princeton, MA",con-test,5,18.0
319,2-0021072 - PRINCETON - PFAS/,21A0860_2 Contest_Final 02 08 21 0809.pdf,2-0021072,"19 Allen Hill, 19 Allen Hill, Princeton, MA",con-test,5,18.0
320,2-0021072 - PRINCETON - PFAS/,21A0859_2 Contest_Final 02 09 21 1551.pdf,2-0021072,"44 Gregory Hill, 44 Gregory Hill, Princeton, MA",con-test,5,18.0
321,2-0021072 - PRINCETON - PFAS/,21A0862_2 Contest_Final 02 09 21 1553.pdf,2-0021072,"16 Bolyston, 16 Bolyston, Princeton, MA",con-test,5,18.0
322,2-0021072 - PRINCETON - PFAS/,21A0866_2 Contest_Final 02 09 21 1555.pdf,2-0021072,"14 Gregory Hill, 14 Gragory Hill, Princeton, MA",con-test,5,18.0
323,2-0021072 - PRINCETON - PFAS/,21A1044_2 Contest_Final 02 16 21 1527.pdf,2-0021072,"58 Merriam, 58 Merriam, Princeton, MA",con-test,5,18.0
324,2-0021072 - PRINCETON - PFAS/,21A0873_2 Contest_Final 02 15 21 0945.pdf,2-0021072,"21 Boylston, 21 Boylston, Princeton, MA",con-test,5,18.0
325,2-0021072 - PRINCETON - PFAS/,21A0957_2 Contest_Final 02 16 21 1525.pdf,2-0021072,"10 Worcester, 10 Worcester, Princeton, MA",con-test,5,18.0
326,2-0021072 - PRINCETON - PFAS/,21A0957_2 Contest_Final 02 16 21 1525.pdf,2-0021072,"10 Worcester  FB, 10 Worcester, Princeton, MA",con-test,6,18.0
327,2-0021072 - PRINCETON - PFAS/,21A0957_2 Contest_Final 02 16 21 1525.pdf,2-0021072,"TB-01212021, 10 Worcester, Princeton, MA",con-test,7,18.0
328,2-0021072 - PRINCETON - PFAS/,21A0868_2 Contest_Final 02 12 21 0805.pdf,2-0021072,"32 Boylston, 32 Boylston, Princeton, MA",con-test,5,18.0
329,2-0021072 - PRINCETON - PFAS/,21A1045_2 Contest_Final 02 25 21 1258.pdf,2-0021072,"33 Hubbardston, 33 Hubbardston, Princeton, MA",con-test,5,18.0
330,2-0021072 - PRINCETON - PFAS/,21A0864_2 Contest_Final 02 08 21 0810.pdf,2-0021072,"15 Allen Hill, 15 Allen Hill, Princeton, MA",con-test,5,18.0
331,2-0021072 - PRINCETON - PFAS/,21A0878_2 Contest_Final 02 15 21 0948.pdf,2-0021072,"16 Worcester, 16 Worcester, Princeton, MA",con-test,5,18.0
332,2-0021072 - PRINCETON - PFAS/,21A0875_2 Contest_Final 02 08 21 0812.pdf,2-0021072,"24 Boylson, 24 Bolyston, Princeton, MA",con-test,5,18.0
333,2-0021072 - PRINCETON - PFAS/,21A0875_2 Contest_Final 02 08 21 0812.pdf,2-0021072,"24 Boylson FB, 24 Bolyston, Princeton, MA",con-test,6,18.0
334,2-0021072 - PRINCETON - PFAS/,21A0875_2 Contest_Final 02 08 21 0812.pdf,2-0021072,"TB-01192021, 24 Bolyston, Princeton, MA",con-test,7,18.0
335,2-0021072 - PRINCETON - PFAS/,21A1038_2 Contest_Final 02 12 21 0808.pdf,2-0021072,"4 Goodnow, 4 Goodnow, Princeton, MA",con-test,5,18.0
336,2-0021072 - PRINCETON - PFAS/,21A1039_2 Contest_Final 02 12 21 0809.pdf,2-0021072,"17 Worcester, 17 Worcester, Princeton, MA",con-test,5,18.0
337,2-0021072 - PRINCETON - PFAS/,21A0881_2 Contest_Final 02 08 21 0813.pdf,2-0021072,"11 Gregory Hill, 11 Gregory Hill, Princeton, MA",con-test,5,18.0
338,2-0021072 - PRINCETON - PFAS/,21A0865_2 Contest_Final 02 15 21 0942.pdf,2-0021072,"17 Prospect, 17 Prospect, Princeton, MA",con-test,5,18.0
339,2-0021072 - PRINCETON - PFAS/,21A1037_2 Contest_Final 02 16 21 1534.pdf,2-0021072,"21 Gregory Hill, 21 Gregory Hill, Princeton, MA",con-test,5,18.0
340,2-0021072 - PRINCETON - PFAS/,21A0880_2 Contest_Final 02 26 21 1310.pdf,2-0021072,"7 Prospect, 7 Prospect, Princeton, MA",con-test,5,18.0
341,2-0021072 - PRINCETON - PFAS/,21A0872_2 Contest_Final 02 05 21 1020.pdf,2-0021072,"42 Hubbardston, 42/44 Hubbardston, Princeton, MA",con-test,5,18.0
342,2-0021072 - PRINCETON - PFAS/,21A0872_2 Contest_Final 02 05 21 1020.pdf,2-0021072,"44 Hubbardston, 42/44 Hubbardston, Princeton, MA",con-test,6,18.0
343,2-0021072 - PRINCETON - PFAS/,21A1046_2 Contest_Final 02 26 21 1311.pdf,2-0021072,"7 Radford, 7 Radford, Princeton, MA",con-test,5,18.0
344,2-0021072 - PRINCETON - PFAS/,21A0870_2 Contest_Final 02 15 21 0943.pdf,2-0021072,"Cistern, Cistern, Princeton, MA",con-test,5,18.0
345,2-0021072 - PRINCETON - PFAS/,21A1035_2 Contest_Final 02 09 21 1557.pdf,2-0021072,"16 Prospect, 16 Prospect, Princeton, MA",con-test,5,18.0
346,2-0021072 - PRINCETON - PFAS/,21A1040_2 Contest_Final 02 16 21 1527.pdf,2-0021072,"57 Merriam, 57 Merriam, Princeton, MA",con-test,5,18.0
347,2-0021072 - PRINCETON - PFAS/,21A0876_2 Contest_Final 02 09 21 1556.pdf,2-0021072,"38 Mountain, 38 Mountain, Princeton, MA",con-test,5,18.0
348,2-0021072 - PRINCETON - PFAS/,21A1042_2 Contest_Final 02 12 21 0811.pdf,2-0021072,"29 Radford, 29 Radford, Princeton, MA",con-test,5,18.0
349,2-0021072 - PRINCETON - PFAS/,21A1043_2 Contest_Final 02 12 21 0812.pdf,2-0021072,"36 Hubbardston, 36 Hubbardston, Princeton, MA",con-test,5,18.0
350,2-0021072 - PRINCETON - PFAS/,21A1034_2 Contest_Final 02 16 21 1532.pdf,2-0021072,"2 Radford, 2 Radford, Princeton, MA",con-test,5,18.0
351,2-0021072 - PRINCETON - PFAS/,21A1036_2 Contest_Final 02 12 21 0807.pdf,2-0021072,"33 Mountain, 33 Mountain, Princeton, MA",con-test,5,18.0
352,2-0021072 - PRINCETON - PFAS/,21A1041_2 Contest_Final 02 25 21 1257.pdf,2-0021072,"85 Merriam, 85 Merriam, Princeton, MA",con-test,5,18.0
353,2-0021072 - PRINCETON - PFAS/,21A0871_2 Contest_Final 02 15 21 0944.pdf,2-0021072,"12 Allen Hill, 12 Allen Hill,  Prinecton, MA",con-test,5,18.0
354,2-0021072 - PRINCETON - PFAS/,21A0874_2 Contest_Final 02 08 21 0811.pdf,2-0021072,"13 Gregory Hill, 13 Gregory Hill, Princeton, MA",con-test,5,18.0
355,2-0021072 - PRINCETON - PFAS/,21A0877_2 Contest_Final 02 15 21 0946.pdf,2-0021072,"9 Allen Hill, 9 Allen Hill, Princeton, MA",con-test,5,18.0
356,2-0021072 - PRINCETON - PFAS/,21A0879_2 Contest_Final 03 08 21 1225.pdf,2-0021072,"Old Town Hall Well, Old Town Hall, Princeton, MA",con-test,5,18.0
357,2-0021072 - PRINCETON - PFAS/,21A0869_2 Contest_Final 02 05 21 1022.pdf,2-0021072,"20 Allen Hill, 20 Allen Hill, Princeton, MA",con-test,5,18.0
358,2-0021072 - PRINCETON - PFAS/,21B0076_2 Contest_Final 03 09 21 1046.pdf,2-0021072,"11 Prospect, 11 Prospect, Princeton, MA",con-test,5,18.0
359,2-0021072 - PRINCETON - PFAS/,21B0073_2 Contest_Final 03 08 21 1317.pdf,2-0021072,"33 Radford, 33 Radford, Princeton, MA",con-test,5,18.0
360,2-0021072 - PRINCETON - PFAS/,21A1047_2 Contest_Final 02 26 21 1311.pdf,2-0021072,"6 Connor Lane, 6 Connor Lane, Princeton, MA",con-test,5,18.0
361,2-0021072 - PRINCETON - PFAS/,21A1152_2 Contest_Final 02 25 21 1313.pdf,2-0021072,"14 Mountain, 14 Mountain, Princeton, MA",con-test,5,18.0
362,2-0021072 - PRINCETON - PFAS/,21A1150_2 Contest_Final 02 25 21 1313.pdf,2-0021072,"48 Hubbardston, 48 Hubbardston, Princeton, MA",con-test,5,18.0
363,2-0021072 - PRINCETON - PFAS/,21A1151_2 Contest_Final 02 23 21 1335.pdf,2-0021072,"2 Mountain, 2 Mountain, Princeton, MA",con-test,5,18.0
364,2-0021072 - PRINCETON - PFAS/,21B0082_2 Contest_Final 02 25 21 1425.pdf,2-0021072,"12 Boylston INF, 12 Boylston, Princeton, MA",con-test,5,18.0
365,2-0021072 - PRINCETON - PFAS/,21B0082_2 Contest_Final 02 25 21 1425.pdf,2-0021072,"12 Boylston MID, 12 Boylston, Princeton, MA",con-test,6,18.0
366,2-0021072 - PRINCETON - PFAS/,21B0082_2 Contest_Final 02 25 21 1425.pdf,2-0021072,"12 Boylston EFF, 12 Boylston, Princeton, MA",con-test,7,18.0
367,2-0021072 - PRINCETON - PFAS/,21A1144_2 Contest_Final 02 26 21 1315.pdf,2-0021072,"13 Radford, 13 Radford, Princeton, MA",con-test,5,18.0
368,2-0021072 - PRINCETON - PFAS/,21A1049_2 Contest_Final 02 26 21 1313.pdf,2-0021072,"11 Radford, 11 Radford, Princeton, MA",con-test,5,18.0
369,2-0021072 - PRINCETON - PFAS/,21A1145_2 Contest_Final 02 26 21 1316.pdf,2-0021072,"13 Boylston, 13 Boylston, Princeton, MA",con-test,5,18.0
370,2-0021072 - PRINCETON - PFAS/,21A1143_2 Contest_Final 02 23 21 1633.pdf,2-0021072,"23 Radford, 23 Radford, Princeton, MA",con-test,5,18.0
371,2-0021072 - PRINCETON - PFAS/,21A1149_2 Contest_Final 02 23 21 1334.pdf,2-0021072,"18 Prospect, 18 Prospect, Princeton, MA",con-test,5,18.0
372,2-0021072 - PRINCETON - PFAS/,21B0070_2 Contest_Final 03 01 21 1320.pdf,2-0021072,"23 Worcester, 23 Worcester, Princeton, MA",con-test,5,18.0
373,2-0021072 - PRINCETON - PFAS/,21A1147_2 Contest_Final 02 26 21 1317.pdf,2-0021072,"10 Mountain, 10 Mountain, Princeton, MA",con-test,5,18.0
374,2-0021072 - PRINCETON - PFAS/,21B0072_2 Contest_Final 03 04 21 1520.pdf,2-0021072,"19 Hubbardston, 19 Hubbardston, Princeton, MA",con-test,5,18.0
375,2-0021072 - PRINCETON - PFAS/,21A1048_2 Contest_Final 02 26 21 1312.pdf,2-0021072,"8 Radford, 8 Radford, Princeton, MA",con-test,5,18.0
376,2-0021072 - PRINCETON - PFAS/,21B0075_2 Contest_Final 03 08 21 1318.pdf,2-0021072,"52 Hubbardston, 52 Hubbardston, Princeton, MA",con-test,5,18.0
377,2-0021072 - PRINCETON - PFAS/,21B0074_2 Contest_Final 03 01 21 1322.pdf,2-0021072,"18 Radford, 18 Radford, Princeton, MA",con-test,5,18.0
378,2-0021072 - PRINCETON - PFAS/,21B0071_2 Contest_Final 03 01 21 1321.pdf,2-0021072,"7 Hubbardston, 7 Hubbardston, Princeton, MA",con-test,5,18.0
379,2-0021072 - PRINCETON - PFAS/,21B0084_2 Contest_Final 03 08 21 1227.pdf,2-0021072,"20 Mountain INF, 20 Mountain, Princeton, MA",con-test,5,18.0
380,2-0021072 - PRINCETON - PFAS/,21B0084_2 Contest_Final 03 08 21 1227.pdf,2-0021072,"20 Mountain MID, 20 Mountain, Princeton, MA",con-test,6,18.0
381,2-0021072 - PRINCETON - PFAS/,21B0084_2 Contest_Final 03 08 21 1227.pdf,2-0021072,"20 Mountain EFF, 20 Mountain, Princeton, MA",con-test,7,18.0
382,2-0021072 - PRINCETON - PFAS/,21B0069_2 Contest_Final 03 08 21 1316.pdf,2-0021072,"21 Prospect, 21 Prospect, Princeton, MA",con-test,5,18.0
383,2-0021072 - PRINCETON - PFAS/,21B0085_2 Contest_Final 03 01 21 1324.pdf,2-0021072,"18 Mountain INF, 18 Mountain, Princeton, MA",con-test,5,18.0
384,2-0021072 - PRINCETON - PFAS/,21B0085_2 Contest_Final 03 01 21 1324.pdf,2-0021072,"18 Mountain MID, 18 Mountain, Princeton, MA",con-test,6,18.0
385,2-0021072 - PRINCETON - PFAS/,21B0085_2 Contest_Final 03 01 21 1324.pdf,2-0021072,"18 Mountain EFF, 18 Mountain, Princeton, MA",con-test,7,18.0
386,2-0021072 - PRINCETON - PFAS/,21B0083_2 Contest_Final 03 08 21 1319.pdf,2-0021072,"1 Hubbardston INF, 1 Hubbardston, Princeton, MA",con-test,5,18.0
387,2-0021072 - PRINCETON - PFAS/,21B0083_2 Contest_Final 03 08 21 1319.pdf,2-0021072,"1 Hubbardston MID, 1 Hubbardston, Princeton, MA",con-test,6,18.0
388,2-0021072 - PRINCETON - PFAS/,21B0083_2 Contest_Final 03 08 21 1319.pdf,2-0021072,"1 Hubbardston EFF, 1 Hubbardston, Princeton, MA",con-test,7,18.0
389,2-0021072 - PRINCETON - PFAS/,21A1050_2 Contest_Final 02 25 21 1258.pdf,2-0021072,"28 Radford, 28 Radford, Princeton, MA",con-test,5,18.0
390,2-0021072 - PRINCETON - PFAS/,21B0077_2 Contest_Final 03 01 21 1323.pdf,2-0021072,"19 Mountain INF, 19 Mountain, Princeton, MA",con-test,5,18.0
391,2-0021072 - PRINCETON - PFAS/,21B0077_2 Contest_Final 03 01 21 1323.pdf,2-0021072,"19 Mountain MID, 19 Mountain, Princeton, MA",con-test,6,18.0
392,2-0021072 - PRINCETON - PFAS/,21B0077_2 Contest_Final 03 01 21 1323.pdf,2-0021072,"19 Mountain EFF, 19 Mountain, Princeton, MA",con-test,7,18.0
393,2-0021072 - PRINCETON - PFAS/,21A1101_2 Contest_Final 02 26 21 1314.pdf,2-0021072,"32 Allen Hill, 32 Allen Hill, Princeton, MA",con-test,5,18.0
394,2-0021072 - PRINCETON - PFAS/,21A1101_2 Contest_Final 02 26 21 1314.pdf,2-0021072,"32 Allen Hill FB, 32 Allen Hill, Princeton, MA",con-test,6,18.0
395,2-0021072 - PRINCETON - PFAS/,21A1101_2 Contest_Final 02 26 21 1314.pdf,2-0021072,"TB-01222021, 32 Allen Hill, Princeton, MA",con-test,7,18.0
396,2-0021072 - PRINCETON - PFAS/,21B0078_2 Contest_Final 03 08 21 1318.pdf,2-0021072,"12 Radford INF, 12 Radford, Princeton, MA",con-test,5,18.0
397,2-0021072 - PRINCETON - PFAS/,21B0078_2 Contest_Final 03 08 21 1318.pdf,2-0021072,"12 Radford MID, 12 Radford, Princeton, MA",con-test,6,18.0
398,2-0021072 - PRINCETON - PFAS/,21B0078_2 Contest_Final 03 08 21 1318.pdf,2-0021072,"12 Radford EFF, 12 Radford, Princeton, MA",con-test,7,18.0
399,2-0021072 - PRINCETON - PFAS/,21A1142_2 Contest_Final 02 23 21 1333.pdf,2-0021072,"39 Hubbardston, 39 Hubbardston, Princeton, MA",con-test,5,18.0
400,2-0021072 - PRINCETON - PFAS/,21B0080_2 Contest_Final 03 08 21 1226.pdf,2-0021072,"5 Prospect INF, 5 Prospect, Princeton, MA",con-test,5,18.0
401,2-0021072 - PRINCETON - PFAS/,21B0080_2 Contest_Final 03 08 21 1226.pdf,2-0021072,"5 Prospect MID, 5 Prospect, Princeton, MA",con-test,6,18.0
402,2-0021072 - PRINCETON - PFAS/,21B0080_2 Contest_Final 03 08 21 1226.pdf,2-0021072,"5 Prospect EFF, 5 Prospect, Princeton, MA",con-test,7,18.0
403,2-0021072 - PRINCETON - PFAS/,21A1146_2 Contest_Final 02 23 21 1634.pdf,2-0021072,"70 Merriam, 70 Merriam, Princeton, MA",con-test,5,18.0
404,2-0021072 - PRINCETON - PFAS/,21B0013_2 Contest_Final 03 08 21 1315.pdf,2-0021072,"15 Hubbardston INF, 15 Hubbardston, Princeton, MA",con-test,5,18.0
405,2-0021072 - PRINCETON - PFAS/,21B0013_2 Contest_Final 03 08 21 1315.pdf,2-0021072,"15 Hubbardston MID, 15 Hubbardston, Princeton, MA",con-test,6,18.0
406,2-0021072 - PRINCETON - PFAS/,21B0013_2 Contest_Final 03 08 21 1315.pdf,2-0021072,"15 Hubbardston Eff, 15 Hubbardston, Princeton, MA",con-test,7,18.0
407,2-0021072 - PRINCETON - PFAS/,21A1148_2 Contest_Final 02 23 21 1333.pdf,2-0021072,"46 Hubbardston, 46 Hubbardston, Princeton, MA",con-test,5,18.0
408,2-0021072 - PRINCETON - PFAS/,21B0081_2 Contest_Final 02 26 21 1317.pdf,2-0021072,"15 Gregory Hill INF, 15 Gregory Hill, Princeton, MA",con-test,5,18.0
409,2-0021072 - PRINCETON - PFAS/,21B0081_2 Contest_Final 02 26 21 1317.pdf,2-0021072,"15 Gregory Hill MID, 15 Gregory Hill, Princeton, MA",con-test,6,18.0
410,2-0021072 - PRINCETON - PFAS/,21B0081_2 Contest_Final 02 26 21 1317.pdf,2-0021072,"15 Gregory Hill EFF, 15 Gregory Hill, Princeton, MA",con-test,7,18.0
411,2-0021072 - PRINCETON - PFAS/,21B0079_2 Contest_Final 03 01 21 1323.pdf,2-0021072,"64 Mountain INF, 64 Mountain, Princeton, MA",con-test,5,18.0
412,2-0021072 - PRINCETON - PFAS/,21B0079_2 Contest_Final 03 01 21 1323.pdf,2-0021072,"64 Mountain MID, 64 Mountain, Princeton, MA",con-test,6,18.0
413,2-0021072 - PRINCETON - PFAS/,21B0079_2 Contest_Final 03 01 21 1323.pdf,2-0021072,"64 Mountain EFF, 64 Mountain, Princeton, MA",con-test,7,18.0
414,2-0021072 - PRINCETON - PFAS/,21C1369_2 Contest_Final 04 08 21 1427.pdf,2-0021072,"39 Hubbardston Inf, 39 Hubbardston",con-test,5,18.0
415,2-0021072 - PRINCETON - PFAS/,21C1369_2 Contest_Final 04 08 21 1427.pdf,2-0021072,"39 Hubbardston Mid, 39 Hubbardston",con-test,6,18.0
416,2-0021072 - PRINCETON - PFAS/,21C1369_2 Contest_Final 04 08 21 1427.pdf,2-0021072,"39 Hubbardston Eff, 39 Hubbardston",con-test,7,18.0
417,2-0021072 - PRINCETON - PFAS/,21C0363_2 Contest_Final 03 29 21 1522.pdf,2-0021072,"26 Prospect, 26 Prospect St, Princeton, MA",con-test,5,18.0
418,2-0021072 - PRINCETON - PFAS/,21B0086_2 Contest_Final 02 26 21 1318.pdf,2-0021072,"29 Mountain INF, 29 Mountain, Princeton, MA",con-test,5,18.0
419,2-0021072 - PRINCETON - PFAS/,21B0086_2 Contest_Final 02 26 21 1318.pdf,2-0021072,"29 Mountain MID, 29 Mountain, Princeton, MA",con-test,6,18.0
420,2-0021072 - PRINCETON - PFAS/,21B0086_2 Contest_Final 02 26 21 1318.pdf,2-0021072,"29 Mountain EFF, 29 Mountain, Princeton, MA",con-test,7,18.0
421,2-0021072 - PRINCETON - PFAS/,21B0086_2 Contest_Final 02 26 21 1318.pdf,2-0021072,"29 Mountain FB, 29 Mountain, Princeton, MA",con-test,8,18.0
422,2-0021072 - PRINCETON - PFAS/,21B0086_2 Contest_Final 02 26 21 1318.pdf,2-0021072,"TB-01292021, 29 Mountain, Princeton, MA",con-test,9,18.0
423,2-0021072 - PRINCETON - PFAS/,21B0652_2 Contest_Final 03 18 21 1219.pdf,2-0021072,"54 Mountain Inf, 54 Mountain, Princeton, MA",con-test,5,18.0
424,2-0021072 - PRINCETON - PFAS/,21B0652_2 Contest_Final 03 18 21 1219.pdf,2-0021072,"54 Mountain Mid, 54 Mountain, Princeton, MA",con-test,6,18.0
425,2-0021072 - PRINCETON - PFAS/,21B0652_2 Contest_Final 03 18 21 1219.pdf,2-0021072,"54 Mountain Eff, 54 Mountain, Princeton, MA",con-test,7,18.0
426,2-0021072 - PRINCETON - PFAS/,21B0652_2 Contest_Final 03 18 21 1219.pdf,2-0021072,"TB-02152021, 54 Mountain, Princeton, MA",con-test,8,18.0
427,2-0021072 - PRINCETON - PFAS/,21B0652_2 Contest_Final 03 18 21 1219.pdf,2-0021072,"54 Mountain FB, 54 Mountain, Princeton, MA",con-test,9,18.0
428,2-0021072 - PRINCETON - PFAS/,Town Hall Well Data - Whitewater.pdf,2-0021072,,alpha,7,14.0
429,2-0021072 - PRINCETON - PFAS/,Town Hall Well Data - Whitewater.pdf,2-0021072,,alpha,8,14.0
430,2-0021072 - PRINCETON - PFAS/,Town Hall Well Data - Whitewater.pdf,2-0021072,,alpha,27,14.0
431,2-0021072 - PRINCETON - PFAS/,Town Hall Well Data - Whitewater.pdf,2-0021072,,alpha,28,14.0
432,2-0021072 - PRINCETON - PFAS/,Town Hall Well Data - Whitewater.pdf,2-0021072,,alpha,48,14.0
433,2-0021072 - PRINCETON - PFAS/,Town Hall Well Data - Whitewater.pdf,2-0021072,,alpha,49,14.0
434,2-0021072 - PRINCETON - PFAS/,Town Hall Well Data - Whitewater.pdf,2-0021072,,alpha,70,18.0
435,2-0021072 - PRINCETON - PFAS/,Town Hall Well Data - Whitewater.pdf,2-0021072,,alpha,71,18.0
436,2-0021072 - PRINCETON - PFAS/,Town Hall Well Data - Whitewater.pdf,2-0021072,,alpha,72,18.0
437,2-0021072 - PRINCETON - PFAS/,Town Hall Well Data - Whitewater.pdf,2-0021072,,alpha,112,18.0
438,2-0021072 - PRINCETON - PFAS/,Town Hall Well Data - Whitewater.pdf,2-0021072,,alpha,113,18.0
439,2-0021072 - PRINCETON - PFAS/,Town Hall Well Data - Whitewater.pdf,2-0021072,,alpha,114,18.0
440,2-0021072 - PRINCETON - PFAS/,Town Hall Well Data - Whitewater.pdf,2-0021072,,alpha,146,18.0
441,2-0021072 - PRINCETON - PFAS/,Town Hall Well Data - Whitewater.pdf,2-0021072,,alpha,147,18.0
442,2-0021072 - PRINCETON - PFAS/,Town Hall Well Data - Whitewater.pdf,2-0021072,,alpha,179,18.0
443,2-0021072 - PRINCETON - PFAS/,Town Hall Well Data - Whitewater.pdf,2-0021072,,alpha,180,18.0
444,2-0021072 - PRINCETON - PFAS/,21B0651_2 Contest_Final 03 18 21 1218.pdf,2-0021072,"10 Mountain Eff, 10 Mountain, Princeton, MA",con-test,5,18.0
445,2-0021072 - PRINCETON - PFAS/,21B0321_2 Contest_Final 03 09 21 1456.pdf,2-0021072,"21 Mountain INF, 21 Mountain, Princeton, MA",con-test,5,18.0
446,2-0021072 - PRINCETON - PFAS/,21B0321_2 Contest_Final 03 09 21 1456.pdf,2-0021072,"21 Mountain MID, 21 Mountain, Princeton, MA",con-test,6,18.0
447,2-0021072 - PRINCETON - PFAS/,21B0321_2 Contest_Final 03 09 21 1456.pdf,2-0021072,"21 Mountain EFF, 21 Mountain, Princeton, MA",con-test,7,18.0
448,2-0021072 - PRINCETON - PFAS/,21C0364_2 Contest_Final 03 29 21 1523.pdf,2-0021072,"48 Hubbardston, 48 Hubbardston, Princeton, MA",con-test,5,18.0
449,2-0021072 - PRINCETON - PFAS/,21C0364_2 Contest_Final 03 29 21 1523.pdf,2-0021072,"48 Hubbardston-FB, 48 Hubbardston, Princeton, MA",con-test,6,18.0
450,2-0021072 - PRINCETON - PFAS/,21C0364_2 Contest_Final 03 29 21 1523.pdf,2-0021072,"TB-03032021, 48 Hubbardston, Princeton, MA",con-test,7,18.0
451,2-0021072 - PRINCETON - PFAS/,21B0147_2 Contest_Final 03 01 21 1305.pdf,2-0021072,"15 Worcester, 15 Worcester",con-test,5,18.0
452,2-0021072 - PRINCETON - PFAS/,21B0314_2 Contest_Final 03 11 21 1507.pdf,2-0021072,"43 Hubbardston INF, 43 Hubbardston, Princeton, MA",con-test,5,18.0
453,2-0021072 - PRINCETON - PFAS/,21B0314_2 Contest_Final 03 11 21 1507.pdf,2-0021072,"43 Hubbardston MID, 43 Hubbardston, Princeton, MA",con-test,6,18.0
454,2-0021072 - PRINCETON - PFAS/,21B0314_2 Contest_Final 03 11 21 1507.pdf,2-0021072,"43 Hubbardston EFF, 43 Hubbardston, Princeton, MA",con-test,7,18.0
455,2-0021072 - PRINCETON - PFAS/,21B0318_2 Contest_Final 03 22 21 0550.pdf,2-0021072,"58 Mountain INF, 58 Mountain, Princeton, MA",con-test,5,18.0
456,2-0021072 - PRINCETON - PFAS/,21B0318_2 Contest_Final 03 22 21 0550.pdf,2-0021072,"58 Mountain MID, 58 Mountain, Princeton, MA",con-test,6,18.0
457,2-0021072 - PRINCETON - PFAS/,21B0318_2 Contest_Final 03 22 21 0550.pdf,2-0021072,"58 Mountain EFF, 58 Mountain, Princeton, MA",con-test,7,18.0
458,2-0021072 - PRINCETON - PFAS/,21B0997_2 Contest_Final 03 29 21 1522.pdf,2-0021072,"7 Boylston Inf, 7 Boylston, Princeton, MA",con-test,5,18.0
459,2-0021072 - PRINCETON - PFAS/,21B0997_2 Contest_Final 03 29 21 1522.pdf,2-0021072,"7 Boylston Mid, 7 Boylston, Princeton, MA",con-test,6,18.0
460,2-0021072 - PRINCETON - PFAS/,21B0997_2 Contest_Final 03 29 21 1522.pdf,2-0021072,"7 Boylston Eff, 7 Boylston, Princeton, MA",con-test,7,18.0
461,2-0021072 - PRINCETON - PFAS/,21B0997_2 Contest_Final 03 29 21 1522.pdf,2-0021072,"7 Boylston FB, 7 Boylston, Princeton, MA",con-test,8,18.0
462,2-0021072 - PRINCETON - PFAS/,21B0997_2 Contest_Final 03 29 21 1522.pdf,2-0021072,"TB-022221, 7 Boylston, Princeton, MA",con-test,9,18.0
463,2-0021072 - PRINCETON - PFAS/,21B0995_2 Contest_Final 03 23 21 1432.pdf,2-0021072,"30 Mountain Inf, 30 Mountain, Princeton, MA",con-test,5,18.0
464,2-0021072 - PRINCETON - PFAS/,21B0995_2 Contest_Final 03 23 21 1432.pdf,2-0021072,"30 Mountain Mid, 30 Mountain, Princeton, MA",con-test,6,18.0
465,2-0021072 - PRINCETON - PFAS/,21B0995_2 Contest_Final 03 23 21 1432.pdf,2-0021072,"30 Mountain Eff, 30 Mountain, Princeton, MA",con-test,7,18.0
466,2-0021072 - PRINCETON - PFAS/,21B0322_2 Contest_Final 03 22 21 0605.pdf,2-0021072,"6 Mountain INF, 6 Mountain, Princeton, MA",con-test,5,18.0
467,2-0021072 - PRINCETON - PFAS/,21B0322_2 Contest_Final 03 22 21 0605.pdf,2-0021072,"6 Mountain MID, 6 Mountain, Princeton, MA",con-test,6,18.0
468,2-0021072 - PRINCETON - PFAS/,21B0322_2 Contest_Final 03 22 21 0605.pdf,2-0021072,"6 Mountain EFF, 6 Mountain, Princeton, MA",con-test,7,18.0
469,2-0021072 - PRINCETON - PFAS/,21B0996_2 Contest_Final 03 29 21 1521.pdf,2-0021072,"57 Merriam Inf, 57 Merriam, Princeton, MA",con-test,5,18.0
470,2-0021072 - PRINCETON - PFAS/,21B0996_2 Contest_Final 03 29 21 1521.pdf,2-0021072,"57 Merriam Eff, 57 Merriam, Princeton, MA",con-test,6,18.0
471,2-0021072 - PRINCETON - PFAS/,21C1368_2 Contest_Final 04 07 21 1420.pdf,2-0021072,"41 Prospect inf, 41 Prospect",con-test,5,18.0
472,2-0021072 - PRINCETON - PFAS/,21C1368_2 Contest_Final 04 07 21 1420.pdf,2-0021072,"41 Prospect Mid, 41 Prospect",con-test,6,18.0
473,2-0021072 - PRINCETON - PFAS/,21C1368_2 Contest_Final 04 07 21 1420.pdf,2-0021072,"41 Prospect Eff, 41 Prospect",con-test,7,18.0
474,2-0021072 - PRINCETON - PFAS/,21B0313_2 Contest_Final 03 22 21 0549.pdf,2-0021072,"5 Hubbardston INF, 5 Hubbardston, Princeton, MA",con-test,5,18.0
475,2-0021072 - PRINCETON - PFAS/,21B0313_2 Contest_Final 03 22 21 0549.pdf,2-0021072,"5 Hubbardston MID, 5 Hubbardston, Princeton, MA",con-test,6,18.0
476,2-0021072 - PRINCETON - PFAS/,21B0313_2 Contest_Final 03 22 21 0549.pdf,2-0021072,"5 Hubbardston EFF, 5 Hubbardston, Princeton, MA",con-test,7,18.0
477,2-0021072 - PRINCETON - PFAS/,21C1366_2 Contest_Final 04 07 21 1419.pdf,2-0021072,"30 Mountain Inf, 30 Mountain",con-test,5,18.0
478,2-0021072 - PRINCETON - PFAS/,21C1366_2 Contest_Final 04 07 21 1419.pdf,2-0021072,"30 Mountain Mid, 30 Mountain",con-test,6,18.0
479,2-0021072 - PRINCETON - PFAS/,21C1366_2 Contest_Final 04 07 21 1419.pdf,2-0021072,"30 Mountain Eff, 30 Mountain",con-test,7,18.0
480,2-0021072 - PRINCETON - PFAS/,21C1366_2 Contest_Final 04 07 21 1419.pdf,2-0021072,"30 Mountain FB, 30 Mountain",con-test,8,18.0
481,2-0021072 - PRINCETON - PFAS/,21C1366_2 Contest_Final 04 07 21 1419.pdf,2-0021072,"TB-03222021, 30 Mountain",con-test,9,18.0
482,2-0021072 - PRINCETON - PFAS/,21B0650_2 Contest_Final 03 17 21 1605.pdf,2-0021072,"41 Prospect Inf, 41 Prospect, Princeton, MA",con-test,5,18.0
483,2-0021072 - PRINCETON - PFAS/,21B0650_2 Contest_Final 03 17 21 1605.pdf,2-0021072,"41 Prospect Mid, 41 Prospect, Princeton, MA",con-test,6,18.0
484,2-0021072 - PRINCETON - PFAS/,21B0650_2 Contest_Final 03 17 21 1605.pdf,2-0021072,"41 Prospect Eff, 41 Prospect, Princeton, MA",con-test,7,18.0
485,2-0021072 - PRINCETON - PFAS/,21C1367_2 Contest_Final 04 08 21 1426.pdf,2-0021072,"42 Hubbardston Inf, 42 Hubbardston",con-test,5,18.0
486,2-0021072 - PRINCETON - PFAS/,21C1367_2 Contest_Final 04 08 21 1426.pdf,2-0021072,"42 Hubbardston Mid, 42 Hubbardston",con-test,6,18.0
487,2-0021072 - PRINCETON - PFAS/,21C1367_2 Contest_Final 04 08 21 1426.pdf,2-0021072,"42 Hubbardston Eff, 42 Hubbardston",con-test,7,18.0
488,2-0021072 - PRINCETON - PFAS/,21B0319_2 Contest_Final 03 22 21 0604.pdf,2-0021072,"51 Mountain INF, 51 Mountain, Princeton, MA",con-test,5,18.0
489,2-0021072 - PRINCETON - PFAS/,21B0319_2 Contest_Final 03 22 21 0604.pdf,2-0021072,"51 Mountain MID, 51 Mountain, Princeton, MA",con-test,6,18.0
490,2-0021072 - PRINCETON - PFAS/,21B0319_2 Contest_Final 03 22 21 0604.pdf,2-0021072,"51 Mountain EFF, 51 Mountain, Princeton, MA",con-test,7,18.0
491,2-0021072 - PRINCETON - PFAS/,21B0315_2 Contest_Final 03 09 21 1454.pdf,2-0021072,"15 Radford INF, 15 Radford, Princeton, MA",con-test,5,18.0
492,2-0021072 - PRINCETON - PFAS/,21B0315_2 Contest_Final 03 09 21 1454.pdf,2-0021072,"15 Radford MID, 15 Radford, Princeton, MA",con-test,6,18.0
493,2-0021072 - PRINCETON - PFAS/,21B0315_2 Contest_Final 03 09 21 1454.pdf,2-0021072,"15 Radford EFF, 15 Radford, Princeton, MA",con-test,7,18.0
494,2-0021072 - PRINCETON - PFAS/,21B0317_2 Contest_Final 03 11 21 1507.pdf,2-0021072,"22 Mountain INF, 22 Mountain, Princeton, MA",con-test,6,18.0
495,2-0021072 - PRINCETON - PFAS/,21B0317_2 Contest_Final 03 11 21 1507.pdf,2-0021072,"22 Mountain MID, 22 Mountain, Princeton, MA",con-test,7,18.0
496,2-0021072 - PRINCETON - PFAS/,21B0317_2 Contest_Final 03 11 21 1507.pdf,2-0021072,"22 Mountain EFF, 22 Mountain, Princeton, MA",con-test,8,18.0
497,2-0021072 - PRINCETON - PFAS/,21B0324_2 Contest_Final 03 22 21 0606.pdf,2-0021072,"55 Merriam, 55 Merriam, Princeton, MA",con-test,5,18.0
498,2-0021072 - PRINCETON - PFAS/,21B0324_2 Contest_Final 03 22 21 0606.pdf,2-0021072,"55 Merriam FB, 55 Merriam, Princeton, MA",con-test,6,18.0
499,2-0021072 - PRINCETON - PFAS/,21B0324_2 Contest_Final 03 22 21 0606.pdf,2-0021072,"TB-02052021, 55 Merriam, Princeton, MA",con-test,7,18.0
500,2-0021072 - PRINCETON - PFAS/,21E0126_2 Contest_Final 05 24 21 1242.pdf,2-0021072,"81 Hubbardston, 81 Hubbardston, Princeton, MA",con-test,5,18.0
501,2-0021072 - PRINCETON - PFAS/,21E0471_2 Contest_Final 05 25 21 1336.pdf,2-0021072,"30 Boylston, 30 Boylston, Princeton, MA",con-test,5,18.0
502,2-0021072 - PRINCETON - PFAS/,21E0129_2 Contest_Final 05 24 21 1256.pdf,2-0021072,"39 Hubbardston INF, 39 Hubbardston, Princeton, MA",con-test,5,18.0
503,2-0021072 - PRINCETON - PFAS/,21E0129_2 Contest_Final 05 24 21 1256.pdf,2-0021072,"39 Hubbardston MID, 39 Hubbardston, Princeton, MA",con-test,6,18.0
504,2-0021072 - PRINCETON - PFAS/,21E0129_2 Contest_Final 05 24 21 1256.pdf,2-0021072,"39 Hubbardston EFF, 39 Hubbardston, Princeton, MA",con-test,7,18.0
505,2-0021072 - PRINCETON - PFAS/,21E0129_2 Contest_Final 05 24 21 1256.pdf,2-0021072,"39 Hubbardston FB, 39 Hubbardston, Princeton, MA",con-test,8,18.0
506,2-0021072 - PRINCETON - PFAS/,21E0129_2 Contest_Final 05 24 21 1256.pdf,2-0021072,"TB-05032021, 39 Hubbardston, Princeton, MA",con-test,9,18.0
507,2-0021072 - PRINCETON - PFAS/,21E0127_2 Contest_Final 05 24 21 1255.pdf,2-0021072,"73 Hubbardston, 73 Hubbardston, Princeton, MA",con-test,5,18.0
508,2-0021072 - PRINCETON - PFAS/,21E0131_2 Contest_Final 05 25 21 1518.pdf,2-0021072,"19 Hubbardston, 19 Hubbardston, Princeton, MA",con-test,5,18.0
509,2-0021072 - PRINCETON - PFAS/,21E0131_2 Contest_Final 05 25 21 1518.pdf,2-0021072,"19 Hubbardston FB, 19 Hubbardston, Princeton, MA",con-test,6,18.0
510,2-0021072 - PRINCETON - PFAS/,21E0131_2 Contest_Final 05 25 21 1518.pdf,2-0021072,"TB-04302021, 19 Hubbardston, Princeton, MA",con-test,7,18.0
511,2-0021072 - PRINCETON - PFAS/,21E0123_2 Contest_Final 05 20 21 1536.pdf,2-0021072,"23 Worcester, 23 Worcester, Princeton, MA",con-test,5,18.0
512,2-0021072 - PRINCETON - PFAS/,21E0124_2 Contest_Final 05 20 21 1537.pdf,2-0021072,"20 Worcester, 20 Worcester, Princeton, MA",con-test,5,18.0
519,2-0021072 - PRINCETON - PFAS/,21E0476_2 Contest_Final 05 24 21 1301.pdf,2-0021072,"Krashes Field, Krashes Field, Princeton, MA",con-test,5,18.0
520,2-0021072 - PRINCETON - PFAS/,21E0476_2 Contest_Final 05 24 21 1301.pdf,2-0021072,"Krashes Field FB, Krashes Field, Princeton, MA",con-test,6,18.0
521,2-0021072 - PRINCETON - PFAS/,21E0476_2 Contest_Final 05 24 21 1301.pdf,2-0021072,"TB-05062021, Krashes Field, Princeton, MA",con-test,7,18.0
522,2-0021072 - PRINCETON - PFAS/,21E0477_2 Contest_Final 05 24 21 1303.pdf,2-0021072,"7 Thompson, 7 Thompson, Princeton, MA",con-test,5,18.0
523,2-0021072 - PRINCETON - PFAS/,21D1041_2 Contest_Final 05 10 21 0513.pdf,2-0021072,"29 Mountain INF, 29 Mountain, Princeton, MA",con-test,5,18.0
524,2-0021072 - PRINCETON - PFAS/,21D1041_2 Contest_Final 05 10 21 0513.pdf,2-0021072,"29 Mountain MID, 29 Mountain, Princeton, MA",con-test,6,18.0
525,2-0021072 - PRINCETON - PFAS/,21D1041_2 Contest_Final 05 10 21 0513.pdf,2-0021072,"29 Mountain EFF, 29 Mountain, Princeton, MA",con-test,7,18.0
526,2-0021072 - PRINCETON - PFAS/,21D1042_2 Contest_Final 05 10 21 1651.pdf,2-0021072,"18 Mountain INF, 18 Mountain, Princeton, MA",con-test,5,18.0
527,2-0021072 - PRINCETON - PFAS/,21D1042_2 Contest_Final 05 10 21 1651.pdf,2-0021072,"18 Mountain MID, 18 Mountain, Princeton, MA",con-test,6,18.0
528,2-0021072 - PRINCETON - PFAS/,21D1042_2 Contest_Final 05 10 21 1651.pdf,2-0021072,"18 Mountain EFF, 18 Mountain, Princeton, MA",con-test,7,18.0
529,2-0021072 - PRINCETON - PFAS/,21D1042_2 Contest_Final 05 10 21 1651.pdf,2-0021072,"18 Mountain FB, 18 Mountain, Princeton, MA",con-test,8,18.0
530,2-0021072 - PRINCETON - PFAS/,21D1042_2 Contest_Final 05 10 21 1651.pdf,2-0021072,"TB-04202021, 18 Mountain, Princeton, MA",con-test,9,18.0
531,2-0021072 - PRINCETON - PFAS/,21D1043_2 Contest_Final 05 10 21 0514.pdf,2-0021072,"21 Mountain INF, 21 Mountain, Princeton, MA",con-test,5,18.0
532,2-0021072 - PRINCETON - PFAS/,21D1043_2 Contest_Final 05 10 21 0514.pdf,2-0021072,"21 Mountain MID, 21 Mountain, Princeton, MA",con-test,6,18.0
533,2-0021072 - PRINCETON - PFAS/,21D1043_2 Contest_Final 05 10 21 0514.pdf,2-0021072,"21 Mountain EFF, 21 Mountain, Princeton, MA",con-test,7,18.0
534,2-0021072 - PRINCETON - PFAS/,21D1044_2 Contest_Final 05 10 21 0515.pdf,2-0021072,"6 Mountain INF, 6 Mountain, Princeton, MA",con-test,5,18.0
535,2-0021072 - PRINCETON - PFAS/,21D1044_2 Contest_Final 05 10 21 0515.pdf,2-0021072,"6 Mountain MID, 6 Mountain, Princeton, MA",con-test,6,18.0
536,2-0021072 - PRINCETON - PFAS/,21D1044_2 Contest_Final 05 10 21 0515.pdf,2-0021072,"6 Mountain EFF, 6 Mountain, Princeton, MA",con-test,7,18.0
537,2-0021072 - PRINCETON - PFAS/,21D1048_2 Contest_Final 05 10 21 0516.pdf,2-0021072,"22 Mountain INF, 22 Mountain, Princeton, MA",con-test,5,18.0
538,2-0021072 - PRINCETON - PFAS/,21D1048_2 Contest_Final 05 10 21 0516.pdf,2-0021072,"22 Mountain MID, 22 Mountain, Princeton, MA",con-test,6,18.0
539,2-0021072 - PRINCETON - PFAS/,21D1048_2 Contest_Final 05 10 21 0516.pdf,2-0021072,"22 Mountain EFF, 22 Mountain, Princeton, MA",con-test,7,18.0
540,2-0021072 - PRINCETON - PFAS/,21D1047_2 Contest_Final 05 10 21 1653.pdf,2-0021072,"6 Connor, 6 Connor, Princeton, MA",con-test,5,18.0
541,2-0021072 - PRINCETON - PFAS/,21D1046_2 Contest_Final 05 10 21 0516.pdf,2-0021072,"5 Prospect INF, 5 Prospect, Princeton, MA",con-test,5,18.0
542,2-0021072 - PRINCETON - PFAS/,21D1046_2 Contest_Final 05 10 21 0516.pdf,2-0021072,"5 Prospect MID, 5 Prospect, Princeton, MA",con-test,6,18.0
543,2-0021072 - PRINCETON - PFAS/,21D1046_2 Contest_Final 05 10 21 0516.pdf,2-0021072,"5 Prospect EFF, 5 Prospect, Princeton, MA",con-test,7,18.0
544,2-0021072 - PRINCETON - PFAS/,21D1045_2 Contest_Final 05 10 21 1652.pdf,2-0021072,"7 Boylston INF, 7 Boylston, Princeton, MA",con-test,5,18.0
545,2-0021072 - PRINCETON - PFAS/,21D1045_2 Contest_Final 05 10 21 1652.pdf,2-0021072,"7 Boylston MID, 7 Boylston, Princeton, MA",con-test,6,18.0
546,2-0021072 - PRINCETON - PFAS/,21D1045_2 Contest_Final 05 10 21 1652.pdf,2-0021072,"7 Boylston EFF, 7 Boylston, Princeton, MA",con-test,7,18.0
547,2-0021072 - PRINCETON - PFAS/,21D1049_2 Contest_Final 05 10 21 1653.pdf,2-0021072,"12 Allen Hill, 12 Allen Hill, Princeton, MA",con-test,5,18.0
548,2-0021072 - PRINCETON - PFAS/,21D1050_2 Contest_Final 05 10 21 1654.pdf,2-0021072,"20 Allen Hill, 20 Allen Hill, Princeton, MA",con-test,5,18.0
549,2-0021072 - PRINCETON - PFAS/,21D1051_2 Contest_Final 05 10 21 1655.pdf,2-0021072,"32 Allen Hill, 32 Allen Hill, Princeton, MA",con-test,5,18.0
550,2-0021072 - PRINCETON - PFAS/,21D1052_2 Contest_Final 05 12 21 1244.pdf,2-0021072,"33 Allen Hill, 33 Allen Hill, Princeton, MA",con-test,5,18.0
551,2-0021072 - PRINCETON - PFAS/,21D1053_2 Contest_Final 05 10 21 0517.pdf,2-0021072,"14 Mountain, 14 Mountain, Princeton, MA",con-test,5,18.0
552,2-0021072 - PRINCETON - PFAS/,21D1054_2 Contest_Final 05 10 21 1655.pdf,2-0021072,"40 Boylston, 40 Boylston, Princeton, MA",con-test,5,18.0
553,2-0021072 - PRINCETON - PFAS/,21D1055_2 Contest_Final 05 05 21 0626.pdf,2-0021072,"33 Mountain, 33 Mountain",con-test,5,18.0
554,2-0021072 - PRINCETON - PFAS/,21D1055_2 Contest_Final 05 05 21 0626.pdf,2-0021072,"33 Mountain FB, 33 Mountain",con-test,6,18.0
555,2-0021072 - PRINCETON - PFAS/,21D1055_2 Contest_Final 05 05 21 0626.pdf,2-0021072,"TB-04162021, 33 Mountain",con-test,7,18.0
556,2-0021072 - PRINCETON - PFAS/,21D1056_2 Contest_Final 05 10 21 0518.pdf,2-0021072,"21 Prospect, 21 Prospect, Princeton, MA",con-test,5,18.0
557,2-0021072 - PRINCETON - PFAS/,21D1057_2 Contest_Final 05 10 21 0519.pdf,2-0021072,"10 Worcester, 10 Worcester, Princeton, MA",con-test,5,18.0
558,2-0021072 - PRINCETON - PFAS/,21D1058_2 Contest_Final 05 10 21 0519.pdf,2-0021072,"33 Radford, 33 Radford, Princeton, MA",con-test,5,18.0
559,2-0021072 - PRINCETON - PFAS/,21D1059_2 Contest_Final 05 10 21 0520.pdf,2-0021072,"10 Mountain, 10 Mountain, Princeton, MA",con-test,5,18.0
560,2-0021072 - PRINCETON - PFAS/,21D1060_2 Contest_Final 05 10 21 0521.pdf,2-0021072,"48 Hubbardston, 48 Hubbardston, Princeton, MA",con-test,5,18.0
561,2-0021072 - PRINCETON - PFAS/,21D1061_2 Contest_Final 05 10 21 0521.pdf,2-0021072,"18 Prospect, 18 Prospect, Princeton, MA",con-test,5,18.0
562,2-0021072 - PRINCETON - PFAS/,21D1062_2 Contest_Final 05 10 21 0522.pdf,2-0021072,"17 Prospect, 17 Prospect, Princeton, MA",con-test,5,18.0
563,2-0021072 - PRINCETON - PFAS/,21D1063_2 Contest_Final 05 12 21 1244.pdf,2-0021072,"4 Goodnow, 4 Goodnow, Princeton, MA",con-test,5,18.0
564,2-0021072 - PRINCETON - PFAS/,21D1064_2 Contest_Final 05 10 21 0523.pdf,2-0021072,"85 Merriam, 85 Merriam, Princeton, MA",con-test,5,18.0
565,2-0021072 - PRINCETON - PFAS/,21D1065_2 Contest_Final 05 10 21 1656.pdf,2-0021072,"14 Gregory Hill, 14 Gregory Hill, Princeton, MA",con-test,5,18.0
566,2-0021072 - PRINCETON - PFAS/,21D1066_2 Contest_Final 05 10 21 1657.pdf,2-0021072,"37 Radford, 37 Radford, Princeton, MA",con-test,5,18.0
567,2-0021072 - PRINCETON - PFAS/,21D1156_2 Contest_Final 05 10 21 1329.pdf,2-0021072,"2 Radford, 2 Radford, Princeton, MA",con-test,5,18.0
568,2-0021072 - PRINCETON - PFAS/,21D1134_2 Contest_Final 05 14 21 1047.pdf,2-0021072,"19 Allen Hill, 19 Allen Hill, Princeton, MA",con-test,5,18.0
569,2-0021072 - PRINCETON - PFAS/,21D1134_2 Contest_Final 05 14 21 1047.pdf,2-0021072,"19 Allen Hill FB, 19 Allen Hill, Princeton, MA",con-test,6,18.0
570,2-0021072 - PRINCETON - PFAS/,21D1134_2 Contest_Final 05 14 21 1047.pdf,2-0021072,"TB-04212021, 19 Allen Hill, Princeton, MA",con-test,7,18.0
571,2-0021072 - PRINCETON - PFAS/,21D1157_2 Contest_Final 05 10 21 1331.pdf,2-0021072,"7 Radford, 7 Radford, Princeton, MA",con-test,5,18.0
572,2-0021072 - PRINCETON - PFAS/,21D1158_2 Contest_Final 05 10 21 1332.pdf,2-0021072,"8 Radford, 8 Radford, Princeton, MA",con-test,5,18.0
573,2-0021072 - PRINCETON - PFAS/,21D1159_2 Contest_Final 05 12 21 1535.pdf,2-0021072,"13 Radford, 13 Radford, Princeton, MA",con-test,5,18.0
574,2-0021072 - PRINCETON - PFAS/,21D1160_2 Contest_Final 05 10 21 1333.pdf,2-0021072,"7 Hubbardston, 7 Hubbardston, Princeton, MA",con-test,5,18.0
575,2-0021072 - PRINCETON - PFAS/,21D1161_2 Contest_Final 05 10 21 1333.pdf,2-0021072,"11 Gregory Hill, 11 Gregory Hill, Princeton, MA",con-test,5,18.0
576,2-0021072 - PRINCETON - PFAS/,21D1162_2 Contest_Final 05 10 21 1334.pdf,2-0021072,"13 Gregory Hill, 13 Gregory Hill, Princeton, MA",con-test,5,18.0
577,2-0021072 - PRINCETON - PFAS/,21D1163_2 Contest_Final 05 10 21 1335.pdf,2-0021072,"41 Prospect INF, 41 Prospect, Princeton, MA",con-test,5,18.0
578,2-0021072 - PRINCETON - PFAS/,21D1163_2 Contest_Final 05 10 21 1335.pdf,2-0021072,"41 Prospect MID, 41 Prospect, Princeton, MA",con-test,6,18.0
579,2-0021072 - PRINCETON - PFAS/,21D1163_2 Contest_Final 05 10 21 1335.pdf,2-0021072,"41 Prospect EFF, 41 Prospect, Princeton, MA",con-test,7,18.0
580,2-0021072 - PRINCETON - PFAS/,21D1164_2 Contest_Final 05 12 21 1530.pdf,2-0021072,"15 Radford INF, 15 Radford, Princeton, MA",con-test,5,18.0
581,2-0021072 - PRINCETON - PFAS/,21D1164_2 Contest_Final 05 12 21 1530.pdf,2-0021072,"15 Radford MID, 15 Radford, Princeton, MA",con-test,6,18.0
582,2-0021072 - PRINCETON - PFAS/,21D1164_2 Contest_Final 05 12 21 1530.pdf,2-0021072,"15 Radford EFF, 15 Radford, Princeton, MA",con-test,7,18.0
583,2-0021072 - PRINCETON - PFAS/,21D1165_2 Contest_Final 05 13 21 1330.pdf,2-0021072,"15 Gregory Hill INF, 15 Gregory Hill, Princeton, MA",con-test,5,18.0
584,2-0021072 - PRINCETON - PFAS/,21D1165_2 Contest_Final 05 13 21 1330.pdf,2-0021072,"15 Gregory Hill MID, 15 Gregory Hill, Princeton, MA",con-test,6,18.0
585,2-0021072 - PRINCETON - PFAS/,21D1165_2 Contest_Final 05 13 21 1330.pdf,2-0021072,"15 Gregory Hill EFF, 15 Gregory Hill, Princeton, MA",con-test,7,18.0
586,2-0021072 - PRINCETON - PFAS/,21D1166_2 Contest_Final 05 14 21 1048.pdf,2-0021072,"58 Mountain INF, 58 Mountain, Princeton, MA",con-test,5,18.0
587,2-0021072 - PRINCETON - PFAS/,21D1166_2 Contest_Final 05 14 21 1048.pdf,2-0021072,"58 Mountain MID, 58 Mountain, Princeton, MA",con-test,6,18.0
588,2-0021072 - PRINCETON - PFAS/,21D1166_2 Contest_Final 05 14 21 1048.pdf,2-0021072,"58 Mountain EFF, 58 Mountain, Princeton, MA",con-test,7,18.0
589,2-0021072 - PRINCETON - PFAS/,21D1243_2 Contest_Final 05 14 21 1201.pdf,2-0021072,"23 Hubbardston, 23 Hubbardston., Princeton, MA",con-test,5,18.0
590,2-0021072 - PRINCETON - PFAS/,21D1243_2 Contest_Final 05 14 21 1201.pdf,2-0021072,"23 Hubbardston FB, 23 Hubbardston., Princeton, MA",con-test,6,18.0
591,2-0021072 - PRINCETON - PFAS/,21D1243_2 Contest_Final 05 14 21 1201.pdf,2-0021072,"TB-04222021, 23 Hubbardston., Princeton, MA",con-test,7,18.0
592,2-0021072 - PRINCETON - PFAS/,21D1245_2 Contest_Final 05 14 21 1202.pdf,2-0021072,"16 Prospect, 16 Prospect., Princeton, MA",con-test,5,18.0
593,2-0021072 - PRINCETON - PFAS/,21D1247_2 Contest_Final 05 17 21 1327.pdf,2-0021072,"19 Mountain Inf, 19 Mountain",con-test,5,18.0
594,2-0021072 - PRINCETON - PFAS/,21D1247_2 Contest_Final 05 17 21 1327.pdf,2-0021072,"19 Mountain Mid, 19 Mountain",con-test,6,18.0
595,2-0021072 - PRINCETON - PFAS/,21D1247_2 Contest_Final 05 17 21 1327.pdf,2-0021072,"19 Mountain Eff, 19 Mountain",con-test,7,18.0
596,2-0021072 - PRINCETON - PFAS/,21D1246_2 Contest_Final 05 14 21 1202.pdf,2-0021072,"17 Worcester, 17 Worcester",con-test,5,18.0
597,2-0021072 - PRINCETON - PFAS/,21D1248_2 Contest_Final 05 14 21 1131.pdf,2-0021072,"64 Mountain Inf, 64 Mountain",con-test,5,18.0
598,2-0021072 - PRINCETON - PFAS/,21D1248_2 Contest_Final 05 14 21 1131.pdf,2-0021072,"64 Mountain Mid, 64 Mountain",con-test,6,18.0
599,2-0021072 - PRINCETON - PFAS/,21D1248_2 Contest_Final 05 14 21 1131.pdf,2-0021072,"64 Mountain Eff, 64 Mountain",con-test,7,18.0
600,2-0021072 - PRINCETON - PFAS/,21D1251_2 Contest_Final 05 17 21 1328.pdf,2-0021072,"11 Radford, 11 Radford",con-test,5,18.0
601,2-0021072 - PRINCETON - PFAS/,21D1252_2 Contest_Final 05 17 21 1329.pdf,2-0021072,"29 Radford, 29 Radford",con-test,5,18.0
602,2-0021072 - PRINCETON - PFAS/,21D1490_2 Contest_Final 05 17 21 1542.pdf,2-0021072,"13 Boylston, 13 Boylston, Princeton, MA",con-test,5,18.0
603,2-0021072 - PRINCETON - PFAS/,21D1249_2 Contest_Final 05 17 21 1558.pdf,2-0021072,"11 Prospect, 11 Prospect",con-test,5,18.0
604,2-0021072 - PRINCETON - PFAS/,21D1492_2 Contest_Final 05 21 21 1227.pdf,2-0021072,"38 Mountain, 38 Mountain, Princeton, MA",con-test,5,18.0
605,2-0021072 - PRINCETON - PFAS/,21D1491_2 Contest_Final 05 20 21 1437.pdf,2-0021072,"15 Worcester, 15 Worcester, Princeton, MA",con-test,5,18.0
606,2-0021072 - PRINCETON - PFAS/,21D1493_2 Contest_Final 05 21 21 1228.pdf,2-0021072,"36 Hubbardston, 36 Hubbardston, Princeton, MA",con-test,5,18.0
607,2-0021072 - PRINCETON - PFAS/,21D1496_2 Contest_Final 05 24 21 0635.pdf,2-0021072,"55 Merriam, 55 Merriam, Princeton, MA",con-test,5,18.0
608,2-0021072 - PRINCETON - PFAS/,21D1495_2 Contest_Final 05 18 21 1316.pdf,2-0021072,"24 Boylston, 24 Boylston, Princeton, MA",con-test,5,18.0
609,2-0021072 - PRINCETON - PFAS/,21D1499_2 Contest_Final 05 24 21 0636.pdf,2-0021072,"44 Hubbardston, 44 Hubbardston, Princeton, MA",con-test,5,18.0
610,2-0021072 - PRINCETON - PFAS/,21D1497_2 Contest_Final 05 20 21 1438.pdf,2-0021072,"1 Worcester, 1 Worcester, Princeton, MA",con-test,5,18.0
611,2-0021072 - PRINCETON - PFAS/,21D1498_2 Contest_Final 05 20 21 1439.pdf,2-0021072,"28 Radford, 28 Radford, Princeton, MA",con-test,5,18.0
612,2-0021072 - PRINCETON - PFAS/,21D1501_2 Contest_Final 05 24 21 1235.pdf,2-0021072,"42 Hubbardston Inf, 42 Hubbardston, Princeton, MA",con-test,5,18.0
613,2-0021072 - PRINCETON - PFAS/,21D1501_2 Contest_Final 05 24 21 1235.pdf,2-0021072,"42 Hubbardston Mid, 42 Hubbardston, Princeton, MA",con-test,6,18.0
614,2-0021072 - PRINCETON - PFAS/,21D1501_2 Contest_Final 05 24 21 1235.pdf,2-0021072,"42 Hubbardston Eff, 42 Hubbardston, Princeton, MA",con-test,7,18.0
615,2-0021072 - PRINCETON - PFAS/,21D1500_2 Contest_Final 05 20 21 1440.pdf,2-0021072,"21 Gregory Hill, 21 Gregory Hill, Princeton, MA",con-test,5,18.0
616,2-0021072 - PRINCETON - PFAS/,21D1503_2 Contest_Final 05 17 21 1543.pdf,2-0021072,"7 Prospect, 7 Prospect, Princeton, MA",con-test,5,18.0
617,2-0021072 - PRINCETON - PFAS/,21D1502_2 Contest_Final 05 18 21 1345.pdf,2-0021072,"15 Allen Hill, 15 Allen Hill, Princeton, MA",con-test,5,18.0
618,2-0021072 - PRINCETON - PFAS/,21D1504_2 Contest_Final 05 17 21 1558.pdf,2-0021072,"52 Hubbardston, 52 Hubbardston, Princeton, MA",con-test,5,18.0
619,2-0021072 - PRINCETON - PFAS/,21D1505_2 Contest_Final 05 20 21 1452.pdf,2-0021072,"18 Radford, 18 Radford, Princeton, MA",con-test,5,18.0
620,2-0021072 - PRINCETON - PFAS/,21D1506_2 Contest_Final 05 17 21 1559.pdf,2-0021072,"1 Hubbardston Inf, 1 Hubbardston, Princeton, MA",con-test,5,18.0
621,2-0021072 - PRINCETON - PFAS/,21D1506_2 Contest_Final 05 17 21 1559.pdf,2-0021072,"1 Hubbardston Mid, 1 Hubbardston, Princeton, MA",con-test,6,18.0
622,2-0021072 - PRINCETON - PFAS/,21D1506_2 Contest_Final 05 17 21 1559.pdf,2-0021072,"1 Hubbardston Eff, 1 Hubbardston, Princeton, MA",con-test,7,18.0
623,2-0021072 - PRINCETON - PFAS/,21D1506_2 Contest_Final 05 17 21 1559.pdf,2-0021072,"1 Hubbardston FB, 1 Hubbardston, Princeton, MA",con-test,8,18.0
624,2-0021072 - PRINCETON - PFAS/,21D1506_2 Contest_Final 05 17 21 1559.pdf,2-0021072,"TB-04232021, 1 Hubbardston, Princeton, MA",con-test,9,18.0
625,2-0021072 - PRINCETON - PFAS/,21D1510_2 Contest_Final 05 21 21 1229.pdf,2-0021072,"23 Radford, 23 Radford, Princeton, MA",con-test,5,18.0
626,2-0021072 - PRINCETON - PFAS/,21D1508_2 Contest_Final 05 17 21 1600.pdf,2-0021072,"21 Boylston, 21 Boylston, Princeton, MA",con-test,5,18.0
627,2-0021072 - PRINCETON - PFAS/,21D1507_2 Contest_Final 05 19 21 1324.pdf,2-0021072,"32 Boylston, 32 Boylston, Princeton, MA",con-test,5,18.0
628,2-0021072 - PRINCETON - PFAS/,21D1509_2 Contest_Final 05 17 21 1600.pdf,2-0021072,"33 Hubbardston, 33 Hubbardston, Princeton, MA",con-test,5,18.0
629,2-0021072 - PRINCETON - PFAS/,21D1511_2 Contest_Final 05 19 21 1309.pdf,2-0021072,"9 Allen Hill, 9 Allen Hill, Princeton, MA",con-test,5,18.0
630,2-0021072 - PRINCETON - PFAS/,21D1513_2 Contest_Final 05 21 21 1230.pdf,2-0021072,"57 Merriam, 57 Merriam, Princeton, MA",con-test,5,18.0
631,2-0021072 - PRINCETON - PFAS/,21D1512_2 Contest_Final 05 18 21 1331.pdf,2-0021072,"17 Boylston, 17 Boylston, Princeton, MA",con-test,5,18.0
632,2-0021072 - PRINCETON - PFAS/,21D1514_2 Contest_Final 05 17 21 1354.pdf,2-0021072,"12 Redford Inf, 12 Radford, Princeton, MA",con-test,5,18.0
633,2-0021072 - PRINCETON - PFAS/,21D1514_2 Contest_Final 05 17 21 1354.pdf,2-0021072,"12 Redford Mid, 12 Radford, Princeton, MA",con-test,6,18.0
634,2-0021072 - PRINCETON - PFAS/,21D1514_2 Contest_Final 05 17 21 1354.pdf,2-0021072,"12 Redford Eff, 12 Radford, Princeton, MA",con-test,7,18.0
635,2-0021072 - PRINCETON - PFAS/,21D1516_2 Contest_Final 05 24 21 1236.pdf,2-0021072,"20 Mountain Inf, 20 Mountain, Princeton, MA",con-test,5,18.0
636,2-0021072 - PRINCETON - PFAS/,21D1516_2 Contest_Final 05 24 21 1236.pdf,2-0021072,"20 Mountain Mid, 20 Mountain, Princeton, MA",con-test,6,18.0
637,2-0021072 - PRINCETON - PFAS/,21D1516_2 Contest_Final 05 24 21 1236.pdf,2-0021072,"20 Mountain Eff, 20 Mountain, Princeton, MA",con-test,7,18.0
638,2-0021072 - PRINCETON - PFAS/,21D1515_2 Contest_Final 05 20 21 1440.pdf,2-0021072,"30 Mountain Inf, 30 Mountain, Princeton, MA",con-test,5,18.0
639,2-0021072 - PRINCETON - PFAS/,21D1515_2 Contest_Final 05 20 21 1440.pdf,2-0021072,"30 Mountain Mid, 30 Mountain, Princeton, MA",con-test,6,18.0
640,2-0021072 - PRINCETON - PFAS/,21D1515_2 Contest_Final 05 20 21 1440.pdf,2-0021072,"30 Mountain Eff, 30 Mountain, Princeton, MA",con-test,7,18.0
641,2-0021072 - PRINCETON - PFAS/,21D1517_2 Contest_Final 05 17 21 1544.pdf,2-0021072,"54 Mountain Inf, 54 Mountain, Princeton, MA",con-test,5,18.0
642,2-0021072 - PRINCETON - PFAS/,21D1517_2 Contest_Final 05 17 21 1544.pdf,2-0021072,"54 Mountain Mid, 54 Mountain, Princeton, MA",con-test,6,18.0
643,2-0021072 - PRINCETON - PFAS/,21D1517_2 Contest_Final 05 17 21 1544.pdf,2-0021072,"54 Mountain Eff, 54 Mountain, Princeton, MA",con-test,7,18.0
644,2-0021072 - PRINCETON - PFAS/,21D1519_2 Contest_Final 05 24 21 1237.pdf,2-0021072,"105 Merriam, 105 Merriam, Princeton, MA",con-test,5,18.0
645,2-0021072 - PRINCETON - PFAS/,21D1519_2 Contest_Final 05 24 21 1237.pdf,2-0021072,"105 Merriam FB, 105 Merriam, Princeton, MA",con-test,6,18.0
646,2-0021072 - PRINCETON - PFAS/,21D1519_2 Contest_Final 05 24 21 1237.pdf,2-0021072,"TB-04262021, 105 Merriam, Princeton, MA",con-test,7,18.0
647,2-0021072 - PRINCETON - PFAS/,21D1520_2 Contest_Final 05 24 21 1238.pdf,2-0021072,"2 Mountain, 2 Mountain, Princeton, MA",con-test,5,18.0
648,2-0021072 - PRINCETON - PFAS/,21D1518_2 Contest_Final 05 20 21 1521.pdf,2-0021072,"5 Hubbardston Inf, 5 Hubbardston, Princeton, MA",con-test,5,18.0
649,2-0021072 - PRINCETON - PFAS/,21D1518_2 Contest_Final 05 20 21 1521.pdf,2-0021072,"5 Hubbardston Mid, 5 Hubbardston, Princeton, MA",con-test,6,18.0
650,2-0021072 - PRINCETON - PFAS/,21D1518_2 Contest_Final 05 20 21 1521.pdf,2-0021072,"5 Hubbardston Eff, 5 Hubbardston, Princeton, MA",con-test,7,18.0
651,2-0021072 - PRINCETON - PFAS/,21D1522_2 Contest_Final 05 24 21 1239.pdf,2-0021072,"46 Hubbardston, 46 Hubbardston, Princeton, MA",con-test,5,18.0
652,2-0021072 - PRINCETON - PFAS/,21D1521_2 Contest_Final 05 20 21 1441.pdf,2-0021072,"51 Mountain Inf, 51 Mountain, Princeton, MA",con-test,5,18.0
653,2-0021072 - PRINCETON - PFAS/,21D1521_2 Contest_Final 05 20 21 1441.pdf,2-0021072,"51 Mountain Mid, 51 Mountain, Princeton, MA",con-test,6,18.0
654,2-0021072 - PRINCETON - PFAS/,21D1521_2 Contest_Final 05 20 21 1441.pdf,2-0021072,"51 Mountain Eff, 51 Mountain, Princeton, MA",con-test,7,18.0
655,2-0021072 - PRINCETON - PFAS/,21D1523_2 Contest_Final 05 20 21 1442.pdf,2-0021072,"44 Gregory Hill, 44 Gregory Hill, Princeton, MA",con-test,5,18.0
656,2-0021072 - PRINCETON - PFAS/,21D1524_2 Contest_Final 05 20 21 1522.pdf,2-0021072,"43 Hubbardston Inf, 43 Hubbardston, Princeton, MA",con-test,5,18.0
657,2-0021072 - PRINCETON - PFAS/,21D1524_2 Contest_Final 05 20 21 1522.pdf,2-0021072,"43 Hubbardston Mid, 43 Hubbardston, Princeton, MA",con-test,6,18.0
658,2-0021072 - PRINCETON - PFAS/,21D1524_2 Contest_Final 05 20 21 1522.pdf,2-0021072,"43 Hubbardston Eff, 43 Hubbardston, Princeton, MA",con-test,7,18.0
659,2-0021072 - PRINCETON - PFAS/,21D1526_2 Contest_Final 05 17 21 1545.pdf,2-0021072,"59 Merriam, 59 Merriam, Princeton, MA",con-test,5,18.0
660,2-0021072 - PRINCETON - PFAS/,21D1525_2 Contest_Final 05 24 21 1240.pdf,2-0021072,"15 Hubbardston Inf, 15 Hubbardston, Princeton, MA",con-test,5,18.0
661,2-0021072 - PRINCETON - PFAS/,21D1525_2 Contest_Final 05 24 21 1240.pdf,2-0021072,"15 Hubbardston Mid, 15 Hubbardston, Princeton, MA",con-test,6,18.0
662,2-0021072 - PRINCETON - PFAS/,21D1525_2 Contest_Final 05 24 21 1240.pdf,2-0021072,"15 Hubbardston Eff, 15 Hubbardston, Princeton, MA",con-test,7,18.0
663,2-0021072 - PRINCETON - PFAS/,21D1527_2 Contest_Final 05 20 21 1443.pdf,2-0021072,"35 Hubbardston, 35 Hubbardston, Princeton, MA",con-test,5,18.0
664,2-0021072 - PRINCETON - PFAS/,21E0122_2 Contest_Final 05 25 21 1517.pdf,2-0021072,"70 Merriam, 70 Merriam, Princeton, MA",con-test,5,18.0
665,2-0021072 - PRINCETON - PFAS/,21D1528_2 Contest_Final 05 18 21 1332.pdf,2-0021072,"16 Worcester, 16 Worcester, Princeton, MA",con-test,5,18.0
666,2-0021072 - PRINCETON - PFAS/,21A0867_2 Contest_Final 02 05 21 1018.pdf,2-0021072,"23 Hubbardston, 23 Hubbardston, Princeton, MA",con-test,5,18.0
667,2-0021072 - PRINCETON - PFAS/,21E0125_2 Contest_Final 05 27 21 1106.pdf,2-0021072,"30 Mountain Rd Runoff, 30 Mountain Rd, Princeton, MA",con-test,5,18.0
668,2-0021072 - PRINCETON - PFAS/,21D1244_2 Contest_Final 05 17 21 1556.pdf,2-0021072,"41 Prospect Runoff, 41 Prospect., Princeton, MA",con-test,5,18.0
669,2-0021072 - PRINCETON - PFAS/,Allen Hill 12 20H0006_2 2020-08-12.pdf,2-0021072,"12 Allen Hill, Princeton, MA",con-test,5,18.0
670,2-0021072 - PRINCETON - PFAS/,Hubbardston 44 20G1090_2 2020-08-11.pdf,2-0021072,"44 Hubbardston, Princeton, MA",con-test,5,18.0
671,2-0021072 - PRINCETON - PFAS/,Hubbardston 42 20G1074_2 2020-08-12-20.pdf,2-0021072,"42 Hubbardston, Princeton, MA",con-test,5,36.0
673,2-0021072 - PRINCETON - PFAS/,Prospect 26 20G1088_2 2020-08-11.pdf,2-0021072,"26 Prospect, Princeton, MA",con-test,5,18.0
674,2-0021072 - PRINCETON - PFAS/,Prospect 26 20G1088_2 2020-08-11.pdf,2-0021072,"TB-07232020, Princeton, MA",con-test,6,18.0
675,2-0021072 - PRINCETON - PFAS/,Hubbardston 52 20I1333_2 2020-10-08.pdf,2-0021072,"52 Hubbardston, 52 Hubbardston, Princeton, MA",con-test,5,18.0
676,2-0021072 - PRINCETON - PFAS/,Mountain 22 20H0029_2 2020-08-17.pdf,2-0021072,"22 Mountain, Princeton, MA",con-test,5,18.0
677,2-0021072 - PRINCETON - PFAS/,Worcester 16 20H0026_2 2020-08-17.pdf,2-0021072,"16 Worcester, Princeton, MA",con-test,5,18.0
678,2-0021072 - PRINCETON - PFAS/,Gregory Hill 21 20I1330_2 2020-10-08.pdf,2-0021072,"21 Gregory, 21 Gregory, Princeton, MA",con-test,5,18.0
679,2-0021072 - PRINCETON - PFAS/,Gregory Hill 21 20I1330_2 2020-10-08.pdf,2-0021072,"TB-09182020, 21 Gregory, Princeton, MA",con-test,6,18.0
680,2-0021072 - PRINCETON - PFAS/,Gregory Hill 21 20I1330_2 2020-10-08.pdf,2-0021072,"21 Gregory FB, 21 Gregory, Princeton, MA",con-test,7,18.0
681,2-0021072 - PRINCETON - PFAS/,Prospect 11 20I0770_2 2020-09-29.pdf,2-0021072,"11 Prospect, 11 Prospect., Princeton, MA",con-test,5,18.0
682,2-0021072 - PRINCETON - PFAS/,Allen Hill 20 20J0411_2 2020-10-26.pdf,2-0021072,"20 Allen Hill, 20 Allen Princeton, MA",con-test,5,18.0
683,2-0021072 - PRINCETON - PFAS/,Hubbardston 81 20J0413_2 2020-10-26.pdf,2-0021072,"81 Hubbardston, 81 Hubbardston Princeton, MA",con-test,5,18.0
684,2-0021072 - PRINCETON - PFAS/,Hubbardston 35 20K0956_2 2020-08-20.pdf,2-0021072,"35 Hubbardston, 35 Hubbardston Princeton, MA",con-test,5,18.0
685,2-0021072 - PRINCETON - PFAS/,Hubbardston 73 20J0425_2 2020-10-26.pdf,2-0021072,"73 Hubbardston, 73 Hubardston Princeton, MA",con-test,5,18.0
686,2-0021072 - PRINCETON - PFAS/,Hubbardston 73 20J0425_2 2020-10-26.pdf,2-0021072,"TB-10022020, 73 Hubardston Princeton, MA",con-test,6,18.0
687,2-0021072 - PRINCETON - PFAS/,Hubbardston 73 20J0425_2 2020-10-26.pdf,2-0021072,"73 Hubbardston FB, 73 Hubardston Princeton, MA",con-test,7,18.0
688,2-0021072 - PRINCETON - PFAS/,Hubbardston 7 20J0406_2 2020-10-26.pdf,2-0021072,"7 Hubbardston, 7 HubbardstonPrinceton, MA",con-test,5,18.0
689,2-0021072 - PRINCETON - PFAS/,Prospect 41 20J0815_2 2020-11-17.pdf,2-0021072,"41 Prospect, 41 Prospect, Princeton, MA",con-test,5,18.0
690,2-0021072 - PRINCETON - PFAS/,Prospect 41 20J0815_2 2020-11-17.pdf,2-0021072,"41 Prospect FB, 41 Prospect, Princeton, MA",con-test,6,18.0
691,2-0021072 - PRINCETON - PFAS/,Prospect 41 20J0815_2 2020-11-17.pdf,2-0021072,"TB-10132020, 41 Prospect, Princeton, MA",con-test,7,18.0
692,2-0021072 - PRINCETON - PFAS/,Allen Hill 33 20K0432_2 2020-12-08.pdf,2-0021072,"33 Allen Hill, 33 Allen Hill, Princeton, MA",con-test,5,18.0
693,2-0021072 - PRINCETON - PFAS/,Mountain 14 20K0948_2 2020-12-10.pdf,2-0021072,"14 Moutain, 14 Mountain Princeton, MA",con-test,5,18.0
694,2-0021072 - PRINCETON - PFAS/,Allen Hill 19 20J0426_2 2020-10-26.pdf,2-0021072,"19 Allen Hill, 19 Allen Hill Princeton, MA",con-test,5,18.0
695,2-0021072 - PRINCETON - PFAS/,Allen Hill 19 20J0426_2 2020-10-26.pdf,2-0021072,"TB-10012020, 19 Allen Hill Princeton, MA",con-test,6,18.0
696,2-0021072 - PRINCETON - PFAS/,Allen Hill 19 20J0426_2 2020-10-26.pdf,2-0021072,"19 Allen Hill FB, 19 Allen Hill Princeton, MA",con-test,7,18.0
697,2-0021072 - PRINCETON - PFAS/,Merriam 59 20J0418_2 2020-10-26.pdf,2-0021072,"59 Merriam, 59 Merriam Princeton, MA",con-test,5,18.0
698,2-0021072 - PRINCETON - PFAS/,Mountain 10 20J0415_2 2020-11-09.pdf,2-0021072,"10 Mountain, 10 Mountain Princeton, MA",con-test,5,18.0
699,2-0021072 - PRINCETON - PFAS/,Mountain 2 20J0410_2 2020-11-09.pdf,2-0021072,"2 Mountain, 2 Mountain Princeton, MA",con-test,5,18.0
700,2-0021072 - PRINCETON - PFAS/,Boylston 40 20J0414_2 2020-10-26.pdf,2-0021072,"40 Boylston, 40 Boylston Princeton, MA",con-test,5,18.0
701,2-0021072 - PRINCETON - PFAS/,Boylston 16 20J0417_2 2020-11-09.pdf,2-0021072,"16 Boylston, 16 Boylston Princeton, MA",con-test,5,18.0
702,2-0021072 - PRINCETON - PFAS/,Boylston 32 20J0416_2 2020-11-09.pdf,2-0021072,"32 Boylston, 32 Boylston Princeton, MA",con-test,5,18.0
704,2-0021072 - PRINCETON - PFAS/,Hubbardston 19 20K1195_2 2020-12-14.pdf,2-0021072,"19 Hubbardston, 19 Hubbardston, Princeton, MA",con-test,6,18.0
707,2-0021072 - PRINCETON - PFAS/,Hubbardston 19 20K1195_2 2020-12-14.pdf,2-0021072,"19 Hubbardston  FB, 19 Hubbardston, Princeton, MA",con-test,9,18.0
708,2-0021072 - PRINCETON - PFAS/,Hubbardston 19 20K1195_2 2020-12-14.pdf,2-0021072,"TB-11212020, 19 Hubbardston, Princeton, MA",con-test,10,18.0
709,2-0021072 - PRINCETON - PFAS/,Boylston 17 20J0408_2 2020-11-09.pdf,2-0021072,"17 Boylston, 17 Boylston Princeton, MA",con-test,5,18.0
710,2-0021072 - PRINCETON - PFAS/,Prospect 16 20J0809_2  2020-11-18.pdf,2-0021072,"16 Prospect, 16 Prospect, Princeton, MA",con-test,5,18.0
711,2-0021072 - PRINCETON - PFAS/,Goodnow 4 20J0423_2 2020-10-26.pdf,2-0021072,"4 Goodnow, 4 Goodnow Princeton, MA",con-test,5,18.0
712,2-0021072 - PRINCETON - PFAS/,Gregory Hill 14 20J0409_2 2020-10-26.pdf,2-0021072,"14 Gregory Hill, 14 Gregory Hill Princeton, MA",con-test,5,18.0
713,2-0021072 - PRINCETON - PFAS/,Prospect 18 20J0807_2 2020-11-18.pdf,2-0021072,"18 Prospect, 18 Prospect, Princeton, MA",con-test,5,18.0
714,2-0021072 - PRINCETON - PFAS/,Hubbardston 23 20J0420_2 2020-10-26.pdf,2-0021072,"23 Hubbardston, 23 Hubbardston Princeton, MA",con-test,5,18.0
715,2-0021072 - PRINCETON - PFAS/,Gregory Hill 13 20J0419_2 2020-10-26.pdf,2-0021072,"13 Gregory Hill, 13 Gregory Hil lPrinceton, MA",con-test,5,18.0
716,2-0021072 - PRINCETON - PFAS/,Merriam 57 20J0421_2 2020-10-26.pdf,2-0021072,"57 Merriam, 57 Merriam Princeton, MA",con-test,5,18.0
717,2-0021072 - PRINCETON - PFAS/,Prospect 17 20J0810_2 2020-11-17.pdf,2-0021072,"17 Prospect, 17 Prospect, Princeton, MA",con-test,5,18.0
718,2-0021072 - PRINCETON - PFAS/,Merriam 70 20J0813_2 2020-11-17.pdf,2-0021072,"70 Merriam, 70 Merriam, Princeton, MA",con-test,5,18.0
719,2-0021072 - PRINCETON - PFAS/,Gregory Hill 11 20J0407_2 2020-10-26.pdf,2-0021072,"11 Gregory Hill, 15 Gregory Hill Princeton, MA",con-test,5,18.0
720,2-0021072 - PRINCETON - PFAS/,Boylston 24 20J0412_2 2020-10-26.pdf,2-0021072,"24 Boylston, 24 Boylston Princeton, MA",con-test,5,18.0
721,2-0021072 - PRINCETON - PFAS/,Mountain 30 20J0812_2 2020-11-17.pdf,2-0021072,"30 Mountian, 30 Mountain, Princeton, MA",con-test,5,18.0
722,2-0021072 - PRINCETON - PFAS/,Allen Hill 15 20J0422_2 2020-10-26.pdf,2-0021072,"15 Allen Hill, 15 Allen Hill Princeton, MA",con-test,5,18.0
723,2-0021072 - PRINCETON - PFAS/,Boylston 13 20J0424_2 2020-11-09.pdf,2-0021072,"13 Boylston, 12 Boylston Princeton, MA",con-test,5,18.0
724,2-0021072 - PRINCETON - PFAS/,Boylston 13 20J0424_2 2020-11-09.pdf,2-0021072,"13 Boylston FB, 12 Boylston Princeton, MA",con-test,6,18.0
725,2-0021072 - PRINCETON - PFAS/,Boylston 13 20J0424_2 2020-11-09.pdf,2-0021072,"TB-10072020, 12 Boylston Princeton, MA",con-test,7,18.0
726,2-0021072 - PRINCETON - PFAS/,Worcester 1 20L1071_2 2020-01-04 .pdf,2-0021072,"1 Worcester, Princeton, MA",con-test,5,18.0
727,2-0021072 - PRINCETON - PFAS/,Worcester 10 20J0811_2 2020-11-17.pdf,2-0021072,"10 Worcester, 10 Worcester, Princeton, MA",con-test,5,18.0
728,2-0021072 - PRINCETON - PFAS/,Radford 33 20J0808_2 2020-11-18.pdf,2-0021072,"33 Radford, 33 Radford, Princeton, MA",con-test,5,18.0
729,2-0021072 - PRINCETON - PFAS/,Radford 2 20L0102_2 2020-12-21.pdf,2-0021072,"2 Radford, 2 Radford Princeton, MA",con-test,5,18.0
730,2-0021072 - PRINCETON - PFAS/,Radford 2 20L0102_2 2020-12-21.pdf,2-0021072,"2 Radford FB, 2 Radford Princeton, MA",con-test,6,18.0
731,2-0021072 - PRINCETON - PFAS/,Radford 2 20L0102_2 2020-12-21.pdf,2-0021072,"TB-11302020, 2 Radford Princeton, MA",con-test,7,18.0
732,2-0021072 - PRINCETON - PFAS/,Prospect 7 20J0806_2 2020-11-17.pdf,2-0021072,"7 Prospect St, 7 Prospect St, Princeton, MA",con-test,5,18.0
733,2-0021072 - PRINCETON - PFAS/,Prospect 7 20J0806_2 2020-11-17.pdf,2-0021072,"7 Prospect St FB, 7 Prospect St, Princeton, MA",con-test,6,18.0
734,2-0021072 - PRINCETON - PFAS/,Prospect 7 20J0806_2 2020-11-17.pdf,2-0021072,"TB-10082020, 7 Prospect St, Princeton, MA",con-test,7,18.0
735,2-0021072 - PRINCETON - PFAS/,Radford 37 20J0814_2 2020-11-17.pdf,2-0021072,"37 Radford, 37 Radford, Princeton, MA",con-test,5,18.0
